{"ts": "2026-07-17T13:20:13Z", "level": "DEBUG", "name": "swiftioc", "msg": "HTTP 200 0.09s https://feodotracker.abuse.ch/downloads/ipblocklist.csv [feodo_ipblocklist]"}
{"ts": "2026-07-17T13:20:13Z", "level": "DEBUG", "name": "swiftioc", "msg": "collect feodo_ipblocklist 5 in 0.09s"}
{"ts": "2026-07-17T13:20:13Z", "level": "DEBUG", "name": "swiftioc", "msg": "summary feodo_ipblocklist types={'url': 0, 'domain': 0, 'ipv4': 5, 'ipv6': 0, 'ipv4_cidr': 0, 'ipv6_cidr': 0, 'md5': 0, 'sha1': 0, 'sha256': 0, 'sha512': 0, 'cve': 0, 'email': 0, 'btc_address': 0, 'ja3': 0, 'ja3s': 0} tags_top=[('feodo', 5), ('c2', 5), ('QakBot', 4), ('Emotet', 1)]"}
{"ts": "2026-07-17T13:20:13Z", "level": "DEBUG", "name": "swiftioc", "msg": "HTTP 200 0.13s https://www.cisa.gov/sites/default/files/feeds/known_exploited_vulnerabilities.json [cisa_kev]"}
{"ts": "2026-07-17T13:20:13Z", "level": "DEBUG", "name": "swiftioc", "msg": "collect cisa_kev 1647 in 0.20s"}
{"ts": "2026-07-17T13:20:13Z", "level": "DEBUG", "name": "swiftioc", "msg": "summary cisa_kev types={'url': 0, 'domain': 0, 'ipv4': 0, 'ipv6': 0, 'ipv4_cidr': 0, 'ipv6_cidr': 0, 'md5': 0, 'sha1': 0, 'sha256': 0, 'sha512': 0, 'cve': 1647, 'email': 0, 'btc_address': 0, 'ja3': 0, 'ja3s': 0} tags_top=[('cve', 1647), ('exploited-in-the-wild', 1647)]"}
{"ts": "2026-07-17T13:20:13Z", "level": "DEBUG", "name": "swiftioc", "msg": "HTTP 200 0.19s https://sslbl.abuse.ch/blacklist/ja3_fingerprints.csv [sslbl_ja3]"}
{"ts": "2026-07-17T13:20:13Z", "level": "DEBUG", "name": "swiftioc", "msg": "collect sslbl_ja3 97 in 0.20s"}
{"ts": "2026-07-17T13:20:13Z", "level": "DEBUG", "name": "swiftioc", "msg": "summary sslbl_ja3 types={'url': 0, 'domain': 0, 'ipv4': 0, 'ipv6': 0, 'ipv4_cidr': 0, 'ipv6_cidr': 0, 'md5': 0, 'sha1': 0, 'sha256': 0, 'sha512': 0, 'cve': 0, 'email': 0, 'btc_address': 0, 'ja3': 97, 'ja3s': 0} tags_top=[('sslbl', 97), ('tls', 97), ('fingerprint', 97), ('Tofsee', 45), ('Adware', 24)]"}
{"ts": "2026-07-17T13:20:13Z", "level": "DEBUG", "name": "swiftioc", "msg": "HTTP 200 0.24s https://urlhaus.abuse.ch/downloads/csv_recent/ [urlhaus_recent_urls]"}
{"ts": "2026-07-17T13:20:13Z", "level": "DEBUG", "name": "swiftioc", "msg": "HTTP 200 0.35s https://bazaar.abuse.ch/export/csv/recent/ [malwarebazaar_recent]"}
{"ts": "2026-07-17T13:20:13Z", "level": "DEBUG", "name": "swiftioc", "msg": "collect malwarebazaar_recent 864 in 0.55s"}
{"ts": "2026-07-17T13:20:13Z", "level": "DEBUG", "name": "swiftioc", "msg": "summary malwarebazaar_recent types={'url': 0, 'domain': 0, 'ipv4': 0, 'ipv6': 0, 'ipv4_cidr': 0, 'ipv6_cidr': 0, 'md5': 0, 'sha1': 0, 'sha256': 864, 'sha512': 0, 'cve': 0, 'email': 0, 'btc_address': 0, 'ja3': 0, 'ja3s': 0} tags_top=[('malware', 864), ('Mirai', 374), ('Efimer', 37), ('Gafgyt', 20), ('Formbook', 16)]"}
{"ts": "2026-07-17T13:20:13Z", "level": "DEBUG", "name": "swiftioc", "msg": "HTTP 200 0.47s https://lists.blocklist.de/lists/ssh.txt [blocklist_de_ssh]"}
{"ts": "2026-07-17T13:20:13Z", "level": "DEBUG", "name": "swiftioc", "msg": "collect blocklist_de_ssh 5444 in 0.59s"}
{"ts": "2026-07-17T13:20:13Z", "level": "DEBUG", "name": "swiftioc", "msg": "summary blocklist_de_ssh types={'url': 0, 'domain': 0, 'ipv4': 5436, 'ipv6': 8, 'ipv4_cidr': 0, 'ipv6_cidr': 0, 'md5': 0, 'sha1': 0, 'sha256': 0, 'sha512': 0, 'cve': 0, 'email': 0, 'btc_address': 0, 'ja3': 0, 'ja3s': 0} tags_top=[('blocklist', 5444), ('bruteforce', 5444), ('ssh', 5444)]"}
{"ts": "2026-07-17T13:20:13Z", "level": "DEBUG", "name": "swiftioc", "msg": "HTTP 200 0.51s https://cinsscore.com/list/ci-badguys.txt [ci_army_list]"}
{"ts": "2026-07-17T13:20:14Z", "level": "DEBUG", "name": "swiftioc", "msg": "HTTP 200 1.06s https://openphish.com/feed.txt [openphish_feed]"}
{"ts": "2026-07-17T13:20:14Z", "level": "DEBUG", "name": "swiftioc", "msg": "collect ci_army_list 15000 in 0.88s"}
{"ts": "2026-07-17T13:20:14Z", "level": "DEBUG", "name": "swiftioc", "msg": "summary ci_army_list types={'url': 0, 'domain': 0, 'ipv4': 15000, 'ipv6': 0, 'ipv4_cidr': 0, 'ipv6_cidr': 0, 'md5': 0, 'sha1': 0, 'sha256': 0, 'sha512': 0, 'cve': 0, 'email': 0, 'btc_address': 0, 'ja3': 0, 'ja3s': 0} tags_top=[('blocklist', 15000), ('cins', 15000), ('scanner', 15000)]"}
{"ts": "2026-07-17T13:20:14Z", "level": "DEBUG", "name": "swiftioc", "msg": "collect openphish_feed 300 in 1.14s"}
{"ts": "2026-07-17T13:20:14Z", "level": "DEBUG", "name": "swiftioc", "msg": "summary openphish_feed types={'url': 300, 'domain': 0, 'ipv4': 0, 'ipv6': 0, 'ipv4_cidr': 0, 'ipv6_cidr': 0, 'md5': 0, 'sha1': 0, 'sha256': 0, 'sha512': 0, 'cve': 0, 'email': 0, 'btc_address': 0, 'ja3': 0, 'ja3s': 0} tags_top=[('phishing', 300), ('openphish', 300)]"}
{"ts": "2026-07-17T13:20:14Z", "level": "DEBUG", "name": "swiftioc", "msg": "HTTP 200 0.99s https://blocklist.greensnow.co/greensnow.txt [greensnow_blocklist]"}
{"ts": "2026-07-17T13:20:14Z", "level": "DEBUG", "name": "swiftioc", "msg": "collect greensnow_blocklist 3430 in 1.08s"}
{"ts": "2026-07-17T13:20:14Z", "level": "DEBUG", "name": "swiftioc", "msg": "summary greensnow_blocklist types={'url': 0, 'domain': 0, 'ipv4': 3430, 'ipv6': 0, 'ipv4_cidr': 0, 'ipv6_cidr': 0, 'md5': 0, 'sha1': 0, 'sha256': 0, 'sha512': 0, 'cve': 0, 'email': 0, 'btc_address': 0, 'ja3': 0, 'ja3s': 0} tags_top=[('blocklist', 3430), ('greensnow', 3430)]"}
{"ts": "2026-07-17T13:20:14Z", "level": "DEBUG", "name": "swiftioc", "msg": "HTTP 200 0.59s https://rules.emergingthreats.net/blockrules/compromised-ips.txt [et_compromised]"}
{"ts": "2026-07-17T13:20:14Z", "level": "DEBUG", "name": "swiftioc", "msg": "collect et_compromised 584 in 0.63s"}
{"ts": "2026-07-17T13:20:14Z", "level": "DEBUG", "name": "swiftioc", "msg": "summary et_compromised types={'url': 0, 'domain': 0, 'ipv4': 584, 'ipv6': 0, 'ipv4_cidr': 0, 'ipv6_cidr': 0, 'md5': 0, 'sha1': 0, 'sha256': 0, 'sha512': 0, 'cve': 0, 'email': 0, 'btc_address': 0, 'ja3': 0, 'ja3s': 0} tags_top=[('blocklist', 584), ('compromised', 584), ('emerging-threats', 584)]"}
{"ts": "2026-07-17T13:20:14Z", "level": "DEBUG", "name": "swiftioc", "msg": "HTTP 200 0.18s https://raw.githubusercontent.com/stamparm/ipsum/master/levels/5.txt [ipsum_level5]"}
{"ts": "2026-07-17T13:20:14Z", "level": "DEBUG", "name": "swiftioc", "msg": "collect ipsum_level5 1578 in 0.23s"}
{"ts": "2026-07-17T13:20:14Z", "level": "DEBUG", "name": "swiftioc", "msg": "summary ipsum_level5 types={'url': 0, 'domain': 0, 'ipv4': 1578, 'ipv6': 0, 'ipv4_cidr': 0, 'ipv6_cidr': 0, 'md5': 0, 'sha1': 0, 'sha256': 0, 'sha512': 0, 'cve': 0, 'email': 0, 'btc_address': 0, 'ja3': 0, 'ja3s': 0} tags_top=[('aggregated', 1578), ('blocklist', 1578), ('ipsum', 1578), ('multi-list', 1578)]"}
{"ts": "2026-07-17T13:20:14Z", "level": "DEBUG", "name": "swiftioc", "msg": "collect urlhaus_recent_urls 292 in 1.74s"}
{"ts": "2026-07-17T13:20:14Z", "level": "DEBUG", "name": "swiftioc", "msg": "summary urlhaus_recent_urls types={'url': 292, 'domain': 0, 'ipv4': 0, 'ipv6': 0, 'ipv4_cidr': 0, 'ipv6_cidr': 0, 'md5': 0, 'sha1': 0, 'sha256': 0, 'sha512': 0, 'cve': 0, 'email': 0, 'btc_address': 0, 'ja3': 0, 'ja3s': 0} tags_top=[('malware', 292), ('2026-07-17 13:03:21', 7), ('2026-07-17 13:02:27', 6), ('2026-07-17 13:02:26', 2), ('2026-07-17 13:02:25', 2)]"}
{"ts": "2026-07-17T13:20:14Z", "level": "DEBUG", "name": "swiftioc", "msg": "HTTP 200 1.20s https://check.torproject.org/exit-addresses [tor_exit_nodes]"}
{"ts": "2026-07-17T13:20:14Z", "level": "DEBUG", "name": "swiftioc", "msg": "HTTP 200 0.72s https://www.binarydefense.com/banlist.txt [binarydefense_banlist]"}
{"ts": "2026-07-17T13:20:14Z", "level": "DEBUG", "name": "swiftioc", "msg": "collect binarydefense_banlist 2373 in 0.79s"}
{"ts": "2026-07-17T13:20:14Z", "level": "DEBUG", "name": "swiftioc", "msg": "summary binarydefense_banlist types={'url': 0, 'domain': 0, 'ipv4': 2373, 'ipv6': 0, 'ipv4_cidr': 0, 'ipv6_cidr': 0, 'md5': 0, 'sha1': 0, 'sha256': 0, 'sha512': 0, 'cve': 0, 'email': 0, 'btc_address': 0, 'ja3': 0, 'ja3s': 0} tags_top=[('binarydefense', 2373), ('blocklist', 2373), ('scanner', 2373)]"}
{"ts": "2026-07-17T13:20:15Z", "level": "DEBUG", "name": "swiftioc", "msg": "collect tor_exit_nodes 1417 in 1.42s"}
{"ts": "2026-07-17T13:20:15Z", "level": "DEBUG", "name": "swiftioc", "msg": "summary tor_exit_nodes types={'url': 0, 'domain': 0, 'ipv4': 1417, 'ipv6': 0, 'ipv4_cidr': 0, 'ipv6_cidr': 0, 'md5': 0, 'sha1': 0, 'sha256': 0, 'sha512': 0, 'cve': 0, 'email': 0, 'btc_address': 0, 'ja3': 0, 'ja3s': 0} tags_top=[('blocklist', 1417), ('exit-node', 1417), ('tor', 1417)]"}
{"ts": "2026-07-17T13:20:15Z", "level": "DEBUG", "name": "swiftioc", "msg": "HTTP 200 1.97s https://threatfox.abuse.ch/export/json/recent/ [threatfox_export_json]"}
{"ts": "2026-07-17T13:20:15Z", "level": "DEBUG", "name": "swiftioc", "msg": "collect threatfox_export_json 1698 in 2.21s"}
{"ts": "2026-07-17T13:20:15Z", "level": "DEBUG", "name": "swiftioc", "msg": "summary threatfox_export_json types={'url': 125, 'domain': 1265, 'ipv4': 270, 'ipv6': 0, 'ipv4_cidr': 0, 'ipv6_cidr': 0, 'md5': 7, 'sha1': 7, 'sha256': 24, 'sha512': 0, 'cve': 0, 'email': 0, 'btc_address': 0, 'ja3': 0, 'ja3s': 0} tags_top=[('threatfox', 1698), ('MetaStealer', 997), ('ClearFake', 159), ('windows', 104), ('adaptix', 95)]"}
{"ts": "2026-07-17T13:21:52Z", "level": "DEBUG", "name": "swiftioc", "msg": "HTTP 200 99.77s https://services.nvd.nist.gov/rest/json/cves/2.0/?resultsPerPage=200&lastModStartDate=2026-07-15T13%3A20%3A13.000&lastModEndDate=2026-07-17T13%3A20%3A13.000 [nist_nvd_recent]"}
{"ts": "2026-07-17T13:21:52Z", "level": "DEBUG", "name": "swiftioc", "msg": "collect nist_nvd_recent 0 in 99.85s"}
{"ts": "2026-07-17T13:21:52Z", "level": "DEBUG", "name": "swiftioc", "msg": "summary nist_nvd_recent types={'url': 0, 'domain': 0, 'ipv4': 0, 'ipv6': 0, 'ipv4_cidr': 0, 'ipv6_cidr': 0, 'md5': 0, 'sha1': 0, 'sha256': 0, 'sha512': 0, 'cve': 0, 'email': 0, 'btc_address': 0, 'ja3': 0, 'ja3s': 0} tags_top=[]"}
{"ts": "2026-07-17T13:21:55Z", "level": "INFO", "name": "swiftioc", "msg": "Persisted feed: carried forward 12989 indicators from previous run"}
{"ts": "2026-07-17T13:22:00Z", "level": "INFO", "name": "swiftioc", "msg": "Retained top 10000 indicators (pruned 34731 over --max-store)"}
{"ts": "2026-07-17T13:22:01Z", "level": "INFO", "name": "swiftioc", "msg": "High-confidence feed: 7063 of 10000 indicators (score>=80 or 2+ sources)"}
{"ts": "2026-07-17T13:22:01Z", "level": "INFO", "name": "swiftioc", "msg": "Dashboard feed: top 1000 rows written"}
{"ts": "2026-07-17T13:22:01Z", "level": "INFO", "name": "swiftioc", "msg": "MISP feed: 7063 attributes in public/misp"}
{"ts": "2026-07-17T13:22:01Z", "level": "INFO", "name": "swiftioc", "msg": "RSS feed: 50 items written"}
{"ts": "2026-07-17T13:22:02Z", "level": "INFO", "name": "swiftioc", "msg": "Wrote 10000 indicators to public/iocs"}
{"ts": "2026-07-17T13:22:02Z", "level": "INFO", "name": "swiftioc", "msg": "Per-source counts: {'cisa_kev': 1647, 'nist_nvd_recent': 0, 'urlhaus_recent_urls': 292, 'malwarebazaar_recent': 864, 'threatfox_export_json': 1698, 'feodo_ipblocklist': 5, 'sslbl_ja3': 97, 'openphish_feed': 300, 'blocklist_de_ssh': 5444, 'greensnow_blocklist': 3430, 'ci_army_list': 15000, 'tor_exit_nodes': 1417, 'et_compromised': 584, 'binarydefense_banlist': 2373, 'ipsum_level5': 1578}"}
{"ts": "2026-07-17T17:09:34Z", "level": "DEBUG", "name": "swiftioc", "msg": "HTTP 200 0.20s https://sslbl.abuse.ch/blacklist/ja3_fingerprints.csv [sslbl_ja3]"}
{"ts": "2026-07-17T17:09:34Z", "level": "DEBUG", "name": "swiftioc", "msg": "collect sslbl_ja3 97 in 0.21s"}
{"ts": "2026-07-17T17:09:34Z", "level": "DEBUG", "name": "swiftioc", "msg": "summary sslbl_ja3 types={'url': 0, 'domain': 0, 'ipv4': 0, 'ipv6': 0, 'ipv4_cidr': 0, 'ipv6_cidr': 0, 'md5': 0, 'sha1': 0, 'sha256': 0, 'sha512': 0, 'cve': 0, 'email': 0, 'btc_address': 0, 'ja3': 97, 'ja3s': 0} tags_top=[('sslbl', 97), ('tls', 97), ('fingerprint', 97), ('Tofsee', 45), ('Adware', 24)]"}
{"ts": "2026-07-17T17:09:34Z", "level": "DEBUG", "name": "swiftioc", "msg": "HTTP 200 0.27s https://www.cisa.gov/sites/default/files/feeds/known_exploited_vulnerabilities.json [cisa_kev]"}
{"ts": "2026-07-17T17:09:34Z", "level": "DEBUG", "name": "swiftioc", "msg": "collect cisa_kev 1647 in 0.33s"}
{"ts": "2026-07-17T17:09:34Z", "level": "DEBUG", "name": "swiftioc", "msg": "summary cisa_kev types={'url': 0, 'domain': 0, 'ipv4': 0, 'ipv6': 0, 'ipv4_cidr': 0, 'ipv6_cidr': 0, 'md5': 0, 'sha1': 0, 'sha256': 0, 'sha512': 0, 'cve': 1647, 'email': 0, 'btc_address': 0, 'ja3': 0, 'ja3s': 0} tags_top=[('cve', 1647), ('exploited-in-the-wild', 1647)]"}
{"ts": "2026-07-17T17:09:34Z", "level": "DEBUG", "name": "swiftioc", "msg": "HTTP 200 0.34s https://feodotracker.abuse.ch/downloads/ipblocklist.csv [feodo_ipblocklist]"}
{"ts": "2026-07-17T17:09:34Z", "level": "DEBUG", "name": "swiftioc", "msg": "collect feodo_ipblocklist 5 in 0.34s"}
{"ts": "2026-07-17T17:09:34Z", "level": "DEBUG", "name": "swiftioc", "msg": "summary feodo_ipblocklist types={'url': 0, 'domain': 0, 'ipv4': 5, 'ipv6': 0, 'ipv4_cidr': 0, 'ipv6_cidr': 0, 'md5': 0, 'sha1': 0, 'sha256': 0, 'sha512': 0, 'cve': 0, 'email': 0, 'btc_address': 0, 'ja3': 0, 'ja3s': 0} tags_top=[('feodo', 5), ('c2', 5), ('QakBot', 4), ('Emotet', 1)]"}
{"ts": "2026-07-17T17:09:34Z", "level": "DEBUG", "name": "swiftioc", "msg": "HTTP 200 0.43s https://bazaar.abuse.ch/export/csv/recent/ [malwarebazaar_recent]"}
{"ts": "2026-07-17T17:09:34Z", "level": "DEBUG", "name": "swiftioc", "msg": "collect malwarebazaar_recent 847 in 0.48s"}
{"ts": "2026-07-17T17:09:34Z", "level": "DEBUG", "name": "swiftioc", "msg": "summary malwarebazaar_recent types={'url': 0, 'domain': 0, 'ipv4': 0, 'ipv6': 0, 'ipv4_cidr': 0, 'ipv6_cidr': 0, 'md5': 0, 'sha1': 0, 'sha256': 847, 'sha512': 0, 'cve': 0, 'email': 0, 'btc_address': 0, 'ja3': 0, 'ja3s': 0} tags_top=[('malware', 847), ('Mirai', 374), ('Efimer', 33), ('Gafgyt', 20), ('Formbook', 16)]"}
{"ts": "2026-07-17T17:09:34Z", "level": "DEBUG", "name": "swiftioc", "msg": "HTTP 200 0.26s https://lists.blocklist.de/lists/ssh.txt [blocklist_de_ssh]"}
{"ts": "2026-07-17T17:09:34Z", "level": "DEBUG", "name": "swiftioc", "msg": "HTTP 200 0.48s https://threatfox.abuse.ch/export/json/recent/ [threatfox_export_json]"}
{"ts": "2026-07-17T17:09:34Z", "level": "DEBUG", "name": "swiftioc", "msg": "collect blocklist_de_ssh 5361 in 0.38s"}
{"ts": "2026-07-17T17:09:34Z", "level": "DEBUG", "name": "swiftioc", "msg": "summary blocklist_de_ssh types={'url': 0, 'domain': 0, 'ipv4': 5354, 'ipv6': 7, 'ipv4_cidr': 0, 'ipv6_cidr': 0, 'md5': 0, 'sha1': 0, 'sha256': 0, 'sha512': 0, 'cve': 0, 'email': 0, 'btc_address': 0, 'ja3': 0, 'ja3s': 0} tags_top=[('blocklist', 5361), ('bruteforce', 5361), ('ssh', 5361)]"}
{"ts": "2026-07-17T17:09:34Z", "level": "DEBUG", "name": "swiftioc", "msg": "collect threatfox_export_json 1630 in 0.74s"}
{"ts": "2026-07-17T17:09:34Z", "level": "DEBUG", "name": "swiftioc", "msg": "summary threatfox_export_json types={'url': 101, 'domain': 1231, 'ipv4': 260, 'ipv6': 0, 'ipv4_cidr': 0, 'ipv6_cidr': 0, 'md5': 7, 'sha1': 7, 'sha256': 24, 'sha512': 0, 'cve': 0, 'email': 0, 'btc_address': 0, 'ja3': 0, 'ja3s': 0} tags_top=[('threatfox', 1630), ('MetaStealer', 997), ('ClearFake', 165), ('windows', 105), ('adaptix', 95)]"}
{"ts": "2026-07-17T17:09:34Z", "level": "DEBUG", "name": "swiftioc", "msg": "HTTP 200 0.40s https://cinsscore.com/list/ci-badguys.txt [ci_army_list]"}
{"ts": "2026-07-17T17:09:35Z", "level": "DEBUG", "name": "swiftioc", "msg": "collect ci_army_list 15000 in 0.59s"}
{"ts": "2026-07-17T17:09:35Z", "level": "DEBUG", "name": "swiftioc", "msg": "HTTP 200 0.92s https://openphish.com/feed.txt [openphish_feed]"}
{"ts": "2026-07-17T17:09:35Z", "level": "DEBUG", "name": "swiftioc", "msg": "summary ci_army_list types={'url': 0, 'domain': 0, 'ipv4': 15000, 'ipv6': 0, 'ipv4_cidr': 0, 'ipv6_cidr': 0, 'md5': 0, 'sha1': 0, 'sha256': 0, 'sha512': 0, 'cve': 0, 'email': 0, 'btc_address': 0, 'ja3': 0, 'ja3s': 0} tags_top=[('blocklist', 15000), ('cins', 15000), ('scanner', 15000)]"}
{"ts": "2026-07-17T17:09:35Z", "level": "DEBUG", "name": "swiftioc", "msg": "collect openphish_feed 300 in 0.94s"}
{"ts": "2026-07-17T17:09:35Z", "level": "DEBUG", "name": "swiftioc", "msg": "summary openphish_feed types={'url': 300, 'domain': 0, 'ipv4': 0, 'ipv6': 0, 'ipv4_cidr': 0, 'ipv6_cidr': 0, 'md5': 0, 'sha1': 0, 'sha256': 0, 'sha512': 0, 'cve': 0, 'email': 0, 'btc_address': 0, 'ja3': 0, 'ja3s': 0} tags_top=[('phishing', 300), ('openphish', 300)]"}
{"ts": "2026-07-17T17:09:35Z", "level": "DEBUG", "name": "swiftioc", "msg": "HTTP 200 1.03s https://urlhaus.abuse.ch/downloads/csv_recent/ [urlhaus_recent_urls]"}
{"ts": "2026-07-17T17:09:35Z", "level": "DEBUG", "name": "swiftioc", "msg": "HTTP 200 0.47s https://rules.emergingthreats.net/blockrules/compromised-ips.txt [et_compromised]"}
{"ts": "2026-07-17T17:09:35Z", "level": "DEBUG", "name": "swiftioc", "msg": "HTTP 200 0.13s https://raw.githubusercontent.com/stamparm/ipsum/master/levels/5.txt [ipsum_level5]"}
{"ts": "2026-07-17T17:09:35Z", "level": "DEBUG", "name": "swiftioc", "msg": "collect et_compromised 584 in 0.54s"}
{"ts": "2026-07-17T17:09:35Z", "level": "DEBUG", "name": "swiftioc", "msg": "summary et_compromised types={'url': 0, 'domain': 0, 'ipv4': 584, 'ipv6': 0, 'ipv4_cidr': 0, 'ipv6_cidr': 0, 'md5': 0, 'sha1': 0, 'sha256': 0, 'sha512': 0, 'cve': 0, 'email': 0, 'btc_address': 0, 'ja3': 0, 'ja3s': 0} tags_top=[('blocklist', 584), ('compromised', 584), ('emerging-threats', 584)]"}
{"ts": "2026-07-17T17:09:35Z", "level": "DEBUG", "name": "swiftioc", "msg": "collect ipsum_level5 1578 in 0.21s"}
{"ts": "2026-07-17T17:09:35Z", "level": "DEBUG", "name": "swiftioc", "msg": "summary ipsum_level5 types={'url': 0, 'domain': 0, 'ipv4': 1578, 'ipv6': 0, 'ipv4_cidr': 0, 'ipv6_cidr': 0, 'md5': 0, 'sha1': 0, 'sha256': 0, 'sha512': 0, 'cve': 0, 'email': 0, 'btc_address': 0, 'ja3': 0, 'ja3s': 0} tags_top=[('aggregated', 1578), ('blocklist', 1578), ('ipsum', 1578), ('multi-list', 1578)]"}
{"ts": "2026-07-17T17:09:35Z", "level": "DEBUG", "name": "swiftioc", "msg": "HTTP 200 0.93s https://blocklist.greensnow.co/greensnow.txt [greensnow_blocklist]"}
{"ts": "2026-07-17T17:09:35Z", "level": "DEBUG", "name": "swiftioc", "msg": "collect greensnow_blocklist 3458 in 1.03s"}
{"ts": "2026-07-17T17:09:35Z", "level": "DEBUG", "name": "swiftioc", "msg": "summary greensnow_blocklist types={'url': 0, 'domain': 0, 'ipv4': 3458, 'ipv6': 0, 'ipv4_cidr': 0, 'ipv6_cidr': 0, 'md5': 0, 'sha1': 0, 'sha256': 0, 'sha512': 0, 'cve': 0, 'email': 0, 'btc_address': 0, 'ja3': 0, 'ja3s': 0} tags_top=[('blocklist', 3458), ('greensnow', 3458)]"}
{"ts": "2026-07-17T17:09:35Z", "level": "DEBUG", "name": "swiftioc", "msg": "HTTP 200 0.62s https://www.binarydefense.com/banlist.txt [binarydefense_banlist]"}
{"ts": "2026-07-17T17:09:35Z", "level": "DEBUG", "name": "swiftioc", "msg": "collect binarydefense_banlist 2373 in 0.71s"}
{"ts": "2026-07-17T17:09:35Z", "level": "DEBUG", "name": "swiftioc", "msg": "summary binarydefense_banlist types={'url': 0, 'domain': 0, 'ipv4': 2373, 'ipv6': 0, 'ipv4_cidr': 0, 'ipv6_cidr': 0, 'md5': 0, 'sha1': 0, 'sha256': 0, 'sha512': 0, 'cve': 0, 'email': 0, 'btc_address': 0, 'ja3': 0, 'ja3s': 0} tags_top=[('binarydefense', 2373), ('blocklist', 2373), ('scanner', 2373)]"}
{"ts": "2026-07-17T17:09:35Z", "level": "DEBUG", "name": "swiftioc", "msg": "HTTP 200 1.28s https://check.torproject.org/exit-addresses [tor_exit_nodes]"}
{"ts": "2026-07-17T17:09:36Z", "level": "DEBUG", "name": "swiftioc", "msg": "collect urlhaus_recent_urls 305 in 1.87s"}
{"ts": "2026-07-17T17:09:36Z", "level": "DEBUG", "name": "swiftioc", "msg": "summary urlhaus_recent_urls types={'url': 305, 'domain': 0, 'ipv4': 0, 'ipv6': 0, 'ipv4_cidr': 0, 'ipv6_cidr': 0, 'md5': 0, 'sha1': 0, 'sha256': 0, 'sha512': 0, 'cve': 0, 'email': 0, 'btc_address': 0, 'ja3': 0, 'ja3s': 0} tags_top=[('malware', 305), ('2026-07-17 13:03:21', 7), ('2026-07-17 13:02:27', 6), ('2026-07-17 13:02:26', 2), ('2026-07-17 13:02:25', 2)]"}
{"ts": "2026-07-17T17:09:36Z", "level": "DEBUG", "name": "swiftioc", "msg": "collect tor_exit_nodes 1420 in 1.54s"}
{"ts": "2026-07-17T17:09:36Z", "level": "DEBUG", "name": "swiftioc", "msg": "summary tor_exit_nodes types={'url': 0, 'domain': 0, 'ipv4': 1420, 'ipv6': 0, 'ipv4_cidr': 0, 'ipv6_cidr': 0, 'md5': 0, 'sha1': 0, 'sha256': 0, 'sha512': 0, 'cve': 0, 'email': 0, 'btc_address': 0, 'ja3': 0, 'ja3s': 0} tags_top=[('blocklist', 1420), ('exit-node', 1420), ('tor', 1420)]"}
{"ts": "2026-07-17T17:10:13Z", "level": "DEBUG", "name": "swiftioc", "msg": "HTTP 200 39.36s https://services.nvd.nist.gov/rest/json/cves/2.0/?resultsPerPage=200&lastModStartDate=2026-07-15T17%3A09%3A34.000&lastModEndDate=2026-07-17T17%3A09%3A34.000 [nist_nvd_recent]"}
{"ts": "2026-07-17T17:10:13Z", "level": "DEBUG", "name": "swiftioc", "msg": "collect nist_nvd_recent 0 in 39.44s"}
{"ts": "2026-07-17T17:10:13Z", "level": "DEBUG", "name": "swiftioc", "msg": "summary nist_nvd_recent types={'url': 0, 'domain': 0, 'ipv4': 0, 'ipv6': 0, 'ipv4_cidr': 0, 'ipv6_cidr': 0, 'md5': 0, 'sha1': 0, 'sha256': 0, 'sha512': 0, 'cve': 0, 'email': 0, 'btc_address': 0, 'ja3': 0, 'ja3s': 0} tags_top=[]"}
{"ts": "2026-07-17T17:10:14Z", "level": "INFO", "name": "swiftioc", "msg": "Persisted feed: carried forward 247 indicators from previous run"}
{"ts": "2026-07-17T17:10:17Z", "level": "INFO", "name": "swiftioc", "msg": "Retained top 10000 indicators (pruned 21862 over --max-store)"}
{"ts": "2026-07-17T17:10:18Z", "level": "INFO", "name": "swiftioc", "msg": "High-confidence feed: 7134 of 10000 indicators (score>=80 or 2+ sources)"}
{"ts": "2026-07-17T17:10:18Z", "level": "INFO", "name": "swiftioc", "msg": "Dashboard feed: top 1000 rows written"}
{"ts": "2026-07-17T17:10:18Z", "level": "INFO", "name": "swiftioc", "msg": "MISP feed: 7134 attributes in public/misp"}
{"ts": "2026-07-17T17:10:18Z", "level": "INFO", "name": "swiftioc", "msg": "RSS feed: 50 items written"}
{"ts": "2026-07-17T17:10:19Z", "level": "INFO", "name": "swiftioc", "msg": "Wrote 10000 indicators to public/iocs"}
{"ts": "2026-07-17T17:10:19Z", "level": "INFO", "name": "swiftioc", "msg": "Per-source counts: {'cisa_kev': 1647, 'nist_nvd_recent': 0, 'urlhaus_recent_urls': 305, 'malwarebazaar_recent': 847, 'threatfox_export_json': 1630, 'feodo_ipblocklist': 5, 'sslbl_ja3': 97, 'openphish_feed': 300, 'blocklist_de_ssh': 5361, 'greensnow_blocklist': 3458, 'ci_army_list': 15000, 'tor_exit_nodes': 1420, 'et_compromised': 584, 'binarydefense_banlist': 2373, 'ipsum_level5': 1578}"}
{"ts": "2026-07-17T20:51:16Z", "level": "DEBUG", "name": "swiftioc", "msg": "HTTP 200 0.09s https://feodotracker.abuse.ch/downloads/ipblocklist.csv [feodo_ipblocklist]"}
{"ts": "2026-07-17T20:51:16Z", "level": "DEBUG", "name": "swiftioc", "msg": "collect feodo_ipblocklist 5 in 0.10s"}
{"ts": "2026-07-17T20:51:16Z", "level": "DEBUG", "name": "swiftioc", "msg": "summary feodo_ipblocklist types={'url': 0, 'domain': 0, 'ipv4': 5, 'ipv6': 0, 'ipv4_cidr': 0, 'ipv6_cidr': 0, 'md5': 0, 'sha1': 0, 'sha256': 0, 'sha512': 0, 'cve': 0, 'email': 0, 'btc_address': 0, 'ja3': 0, 'ja3s': 0} tags_top=[('feodo', 5), ('c2', 5), ('QakBot', 4), ('Emotet', 1)]"}
{"ts": "2026-07-17T20:51:16Z", "level": "DEBUG", "name": "swiftioc", "msg": "HTTP 200 0.10s https://bazaar.abuse.ch/export/csv/recent/ [malwarebazaar_recent]"}
{"ts": "2026-07-17T20:51:16Z", "level": "DEBUG", "name": "swiftioc", "msg": "collect malwarebazaar_recent 901 in 0.15s"}
{"ts": "2026-07-17T20:51:16Z", "level": "DEBUG", "name": "swiftioc", "msg": "summary malwarebazaar_recent types={'url': 0, 'domain': 0, 'ipv4': 0, 'ipv6': 0, 'ipv4_cidr': 0, 'ipv6_cidr': 0, 'md5': 0, 'sha1': 0, 'sha256': 901, 'sha512': 0, 'cve': 0, 'email': 0, 'btc_address': 0, 'ja3': 0, 'ja3s': 0} tags_top=[('malware', 901), ('Mirai', 425), ('Efimer', 30), ('Gafgyt', 20), ('Vidar', 19)]"}
{"ts": "2026-07-17T20:51:16Z", "level": "DEBUG", "name": "swiftioc", "msg": "HTTP 200 0.16s https://urlhaus.abuse.ch/downloads/csv_recent/ [urlhaus_recent_urls]"}
{"ts": "2026-07-17T20:51:16Z", "level": "DEBUG", "name": "swiftioc", "msg": "HTTP 200 0.17s https://www.cisa.gov/sites/default/files/feeds/known_exploited_vulnerabilities.json [cisa_kev]"}
{"ts": "2026-07-17T20:51:17Z", "level": "DEBUG", "name": "swiftioc", "msg": "HTTP 200 0.30s https://sslbl.abuse.ch/blacklist/ja3_fingerprints.csv [sslbl_ja3]"}
{"ts": "2026-07-17T20:51:17Z", "level": "DEBUG", "name": "swiftioc", "msg": "collect cisa_kev 1647 in 0.32s"}
{"ts": "2026-07-17T20:51:17Z", "level": "DEBUG", "name": "swiftioc", "msg": "summary cisa_kev types={'url': 0, 'domain': 0, 'ipv4': 0, 'ipv6': 0, 'ipv4_cidr': 0, 'ipv6_cidr': 0, 'md5': 0, 'sha1': 0, 'sha256': 0, 'sha512': 0, 'cve': 1647, 'email': 0, 'btc_address': 0, 'ja3': 0, 'ja3s': 0} tags_top=[('cve', 1647), ('exploited-in-the-wild', 1647)]"}
{"ts": "2026-07-17T20:51:17Z", "level": "DEBUG", "name": "swiftioc", "msg": "collect sslbl_ja3 97 in 0.33s"}
{"ts": "2026-07-17T20:51:17Z", "level": "DEBUG", "name": "swiftioc", "msg": "summary sslbl_ja3 types={'url': 0, 'domain': 0, 'ipv4': 0, 'ipv6': 0, 'ipv4_cidr': 0, 'ipv6_cidr': 0, 'md5': 0, 'sha1': 0, 'sha256': 0, 'sha512': 0, 'cve': 0, 'email': 0, 'btc_address': 0, 'ja3': 97, 'ja3s': 0} tags_top=[('sslbl', 97), ('tls', 97), ('fingerprint', 97), ('Tofsee', 45), ('Adware', 24)]"}
{"ts": "2026-07-17T20:51:17Z", "level": "DEBUG", "name": "swiftioc", "msg": "HTTP 200 0.38s https://lists.blocklist.de/lists/ssh.txt [blocklist_de_ssh]"}
{"ts": "2026-07-17T20:51:17Z", "level": "DEBUG", "name": "swiftioc", "msg": "collect blocklist_de_ssh 5351 in 0.56s"}
{"ts": "2026-07-17T20:51:17Z", "level": "DEBUG", "name": "swiftioc", "msg": "summary blocklist_de_ssh types={'url': 0, 'domain': 0, 'ipv4': 5347, 'ipv6': 4, 'ipv4_cidr': 0, 'ipv6_cidr': 0, 'md5': 0, 'sha1': 0, 'sha256': 0, 'sha512': 0, 'cve': 0, 'email': 0, 'btc_address': 0, 'ja3': 0, 'ja3s': 0} tags_top=[('blocklist', 5351), ('bruteforce', 5351), ('ssh', 5351)]"}
{"ts": "2026-07-17T20:51:17Z", "level": "DEBUG", "name": "swiftioc", "msg": "HTTP 200 0.45s https://cinsscore.com/list/ci-badguys.txt [ci_army_list]"}
{"ts": "2026-07-17T20:51:17Z", "level": "DEBUG", "name": "swiftioc", "msg": "HTTP 200 0.81s https://openphish.com/feed.txt [openphish_feed]"}
{"ts": "2026-07-17T20:51:17Z", "level": "DEBUG", "name": "swiftioc", "msg": "HTTP 200 0.68s https://blocklist.greensnow.co/greensnow.txt [greensnow_blocklist]"}
{"ts": "2026-07-17T20:51:17Z", "level": "DEBUG", "name": "swiftioc", "msg": "collect openphish_feed 300 in 0.87s"}
{"ts": "2026-07-17T20:51:17Z", "level": "DEBUG", "name": "swiftioc", "msg": "summary openphish_feed types={'url': 300, 'domain': 0, 'ipv4': 0, 'ipv6': 0, 'ipv4_cidr': 0, 'ipv6_cidr': 0, 'md5': 0, 'sha1': 0, 'sha256': 0, 'sha512': 0, 'cve': 0, 'email': 0, 'btc_address': 0, 'ja3': 0, 'ja3s': 0} tags_top=[('phishing', 300), ('openphish', 300)]"}
{"ts": "2026-07-17T20:51:17Z", "level": "DEBUG", "name": "swiftioc", "msg": "HTTP 200 0.29s https://rules.emergingthreats.net/blockrules/compromised-ips.txt [et_compromised]"}
{"ts": "2026-07-17T20:51:17Z", "level": "DEBUG", "name": "swiftioc", "msg": "collect greensnow_blocklist 3471 in 0.84s"}
{"ts": "2026-07-17T20:51:17Z", "level": "DEBUG", "name": "swiftioc", "msg": "summary greensnow_blocklist types={'url': 0, 'domain': 0, 'ipv4': 3471, 'ipv6': 0, 'ipv4_cidr': 0, 'ipv6_cidr': 0, 'md5': 0, 'sha1': 0, 'sha256': 0, 'sha512': 0, 'cve': 0, 'email': 0, 'btc_address': 0, 'ja3': 0, 'ja3s': 0} tags_top=[('blocklist', 3471), ('greensnow', 3471)]"}
{"ts": "2026-07-17T20:51:17Z", "level": "DEBUG", "name": "swiftioc", "msg": "collect et_compromised 578 in 0.38s"}
{"ts": "2026-07-17T20:51:17Z", "level": "DEBUG", "name": "swiftioc", "msg": "summary et_compromised types={'url': 0, 'domain': 0, 'ipv4': 578, 'ipv6': 0, 'ipv4_cidr': 0, 'ipv6_cidr': 0, 'md5': 0, 'sha1': 0, 'sha256': 0, 'sha512': 0, 'cve': 0, 'email': 0, 'btc_address': 0, 'ja3': 0, 'ja3s': 0} tags_top=[('blocklist', 578), ('compromised', 578), ('emerging-threats', 578)]"}
{"ts": "2026-07-17T20:51:17Z", "level": "DEBUG", "name": "swiftioc", "msg": "HTTP 200 0.09s https://raw.githubusercontent.com/stamparm/ipsum/master/levels/5.txt [ipsum_level5]"}
{"ts": "2026-07-17T20:51:18Z", "level": "DEBUG", "name": "swiftioc", "msg": "collect ipsum_level5 1578 in 0.19s"}
{"ts": "2026-07-17T20:51:18Z", "level": "DEBUG", "name": "swiftioc", "msg": "summary ipsum_level5 types={'url': 0, 'domain': 0, 'ipv4': 1578, 'ipv6': 0, 'ipv4_cidr': 0, 'ipv6_cidr': 0, 'md5': 0, 'sha1': 0, 'sha256': 0, 'sha512': 0, 'cve': 0, 'email': 0, 'btc_address': 0, 'ja3': 0, 'ja3s': 0} tags_top=[('aggregated', 1578), ('blocklist', 1578), ('ipsum', 1578), ('multi-list', 1578)]"}
{"ts": "2026-07-17T20:51:18Z", "level": "DEBUG", "name": "swiftioc", "msg": "collect ci_army_list 15000 in 0.92s"}
{"ts": "2026-07-17T20:51:18Z", "level": "DEBUG", "name": "swiftioc", "msg": "summary ci_army_list types={'url': 0, 'domain': 0, 'ipv4': 15000, 'ipv6': 0, 'ipv4_cidr': 0, 'ipv6_cidr': 0, 'md5': 0, 'sha1': 0, 'sha256': 0, 'sha512': 0, 'cve': 0, 'email': 0, 'btc_address': 0, 'ja3': 0, 'ja3s': 0} tags_top=[('blocklist', 15000), ('cins', 15000), ('scanner', 15000)]"}
{"ts": "2026-07-17T20:51:18Z", "level": "DEBUG", "name": "swiftioc", "msg": "collect urlhaus_recent_urls 303 in 1.36s"}
{"ts": "2026-07-17T20:51:18Z", "level": "DEBUG", "name": "swiftioc", "msg": "summary urlhaus_recent_urls types={'url': 303, 'domain': 0, 'ipv4': 0, 'ipv6': 0, 'ipv4_cidr': 0, 'ipv6_cidr': 0, 'md5': 0, 'sha1': 0, 'sha256': 0, 'sha512': 0, 'cve': 0, 'email': 0, 'btc_address': 0, 'ja3': 0, 'ja3s': 0} tags_top=[('malware', 303), ('2026-07-17 18:04:37', 10), ('2026-07-17 18:04:27', 9), ('2026-07-17 18:20:43', 6), ('2026-07-17 19:38:34', 3)]"}
{"ts": "2026-07-17T20:51:18Z", "level": "DEBUG", "name": "swiftioc", "msg": "HTTP 200 1.01s https://check.torproject.org/exit-addresses [tor_exit_nodes]"}
{"ts": "2026-07-17T20:51:18Z", "level": "DEBUG", "name": "swiftioc", "msg": "HTTP 200 0.51s https://www.binarydefense.com/banlist.txt [binarydefense_banlist]"}
{"ts": "2026-07-17T20:51:18Z", "level": "DEBUG", "name": "swiftioc", "msg": "collect binarydefense_banlist 2373 in 0.56s"}
{"ts": "2026-07-17T20:51:18Z", "level": "DEBUG", "name": "swiftioc", "msg": "summary binarydefense_banlist types={'url': 0, 'domain': 0, 'ipv4': 2373, 'ipv6': 0, 'ipv4_cidr': 0, 'ipv6_cidr': 0, 'md5': 0, 'sha1': 0, 'sha256': 0, 'sha512': 0, 'cve': 0, 'email': 0, 'btc_address': 0, 'ja3': 0, 'ja3s': 0} tags_top=[('binarydefense', 2373), ('blocklist', 2373), ('scanner', 2373)]"}
{"ts": "2026-07-17T20:51:18Z", "level": "DEBUG", "name": "swiftioc", "msg": "collect tor_exit_nodes 1422 in 1.23s"}
{"ts": "2026-07-17T20:51:18Z", "level": "DEBUG", "name": "swiftioc", "msg": "summary tor_exit_nodes types={'url': 0, 'domain': 0, 'ipv4': 1422, 'ipv6': 0, 'ipv4_cidr': 0, 'ipv6_cidr': 0, 'md5': 0, 'sha1': 0, 'sha256': 0, 'sha512': 0, 'cve': 0, 'email': 0, 'btc_address': 0, 'ja3': 0, 'ja3s': 0} tags_top=[('blocklist', 1422), ('exit-node', 1422), ('tor', 1422)]"}
{"ts": "2026-07-17T20:51:18Z", "level": "DEBUG", "name": "swiftioc", "msg": "HTTP 200 1.57s https://threatfox.abuse.ch/export/json/recent/ [threatfox_export_json]"}
{"ts": "2026-07-17T20:51:18Z", "level": "DEBUG", "name": "swiftioc", "msg": "collect threatfox_export_json 1581 in 1.74s"}
{"ts": "2026-07-17T20:51:18Z", "level": "DEBUG", "name": "swiftioc", "msg": "summary threatfox_export_json types={'url': 82, 'domain': 1225, 'ipv4': 248, 'ipv6': 0, 'ipv4_cidr': 0, 'ipv6_cidr': 0, 'md5': 7, 'sha1': 7, 'sha256': 12, 'sha512': 0, 'cve': 0, 'email': 0, 'btc_address': 0, 'ja3': 0, 'ja3s': 0} tags_top=[('threatfox', 1581), ('MetaStealer', 997), ('ClearFake', 172), ('windows', 108), ('adaptix', 95)]"}
{"ts": "2026-07-17T20:51:24Z", "level": "DEBUG", "name": "swiftioc", "msg": "HTTP 200 8.11s https://services.nvd.nist.gov/rest/json/cves/2.0/?resultsPerPage=200&lastModStartDate=2026-07-15T20%3A51%3A16.000&lastModEndDate=2026-07-17T20%3A51%3A16.000 [nist_nvd_recent]"}
{"ts": "2026-07-17T20:51:25Z", "level": "DEBUG", "name": "swiftioc", "msg": "collect nist_nvd_recent 0 in 8.19s"}
{"ts": "2026-07-17T20:51:25Z", "level": "DEBUG", "name": "swiftioc", "msg": "summary nist_nvd_recent types={'url': 0, 'domain': 0, 'ipv4': 0, 'ipv6': 0, 'ipv4_cidr': 0, 'ipv6_cidr': 0, 'md5': 0, 'sha1': 0, 'sha256': 0, 'sha512': 0, 'cve': 0, 'email': 0, 'btc_address': 0, 'ja3': 0, 'ja3s': 0} tags_top=[]"}
{"ts": "2026-07-17T20:51:26Z", "level": "INFO", "name": "swiftioc", "msg": "Persisted feed: carried forward 407 indicators from previous run"}
{"ts": "2026-07-17T20:51:28Z", "level": "INFO", "name": "swiftioc", "msg": "Retained top 10000 indicators (pruned 22019 over --max-store)"}
{"ts": "2026-07-17T20:51:29Z", "level": "INFO", "name": "swiftioc", "msg": "High-confidence feed: 7196 of 10000 indicators (score>=80 or 2+ sources)"}
{"ts": "2026-07-17T20:51:29Z", "level": "INFO", "name": "swiftioc", "msg": "Dashboard feed: top 1000 rows written"}
{"ts": "2026-07-17T20:51:30Z", "level": "INFO", "name": "swiftioc", "msg": "MISP feed: 7196 attributes in public/misp"}
{"ts": "2026-07-17T20:51:30Z", "level": "INFO", "name": "swiftioc", "msg": "RSS feed: 50 items written"}
{"ts": "2026-07-17T20:51:30Z", "level": "INFO", "name": "swiftioc", "msg": "Wrote 10000 indicators to public/iocs"}
{"ts": "2026-07-17T20:51:30Z", "level": "INFO", "name": "swiftioc", "msg": "Per-source counts: {'cisa_kev': 1647, 'nist_nvd_recent': 0, 'urlhaus_recent_urls': 303, 'malwarebazaar_recent': 901, 'threatfox_export_json': 1581, 'feodo_ipblocklist': 5, 'sslbl_ja3': 97, 'openphish_feed': 300, 'blocklist_de_ssh': 5351, 'greensnow_blocklist': 3471, 'ci_army_list': 15000, 'tor_exit_nodes': 1422, 'et_compromised': 578, 'binarydefense_banlist': 2373, 'ipsum_level5': 1578}"}
{"ts": "2026-07-18T02:03:03Z", "level": "DEBUG", "name": "swiftioc", "msg": "HTTP 200 0.12s https://feodotracker.abuse.ch/downloads/ipblocklist.csv [feodo_ipblocklist]"}
{"ts": "2026-07-18T02:03:03Z", "level": "DEBUG", "name": "swiftioc", "msg": "collect feodo_ipblocklist 5 in 0.13s"}
{"ts": "2026-07-18T02:03:03Z", "level": "DEBUG", "name": "swiftioc", "msg": "summary feodo_ipblocklist types={'url': 0, 'domain': 0, 'ipv4': 5, 'ipv6': 0, 'ipv4_cidr': 0, 'ipv6_cidr': 0, 'md5': 0, 'sha1': 0, 'sha256': 0, 'sha512': 0, 'cve': 0, 'email': 0, 'btc_address': 0, 'ja3': 0, 'ja3s': 0} tags_top=[('feodo', 5), ('c2', 5), ('QakBot', 4), ('Emotet', 1)]"}
{"ts": "2026-07-18T02:03:03Z", "level": "DEBUG", "name": "swiftioc", "msg": "HTTP 200 0.12s https://sslbl.abuse.ch/blacklist/ja3_fingerprints.csv [sslbl_ja3]"}
{"ts": "2026-07-18T02:03:03Z", "level": "DEBUG", "name": "swiftioc", "msg": "collect sslbl_ja3 97 in 0.13s"}
{"ts": "2026-07-18T02:03:03Z", "level": "DEBUG", "name": "swiftioc", "msg": "summary sslbl_ja3 types={'url': 0, 'domain': 0, 'ipv4': 0, 'ipv6': 0, 'ipv4_cidr': 0, 'ipv6_cidr': 0, 'md5': 0, 'sha1': 0, 'sha256': 0, 'sha512': 0, 'cve': 0, 'email': 0, 'btc_address': 0, 'ja3': 97, 'ja3s': 0} tags_top=[('sslbl', 97), ('tls', 97), ('fingerprint', 97), ('Tofsee', 45), ('Adware', 24)]"}
{"ts": "2026-07-18T02:03:04Z", "level": "DEBUG", "name": "swiftioc", "msg": "HTTP 200 0.15s https://urlhaus.abuse.ch/downloads/csv_recent/ [urlhaus_recent_urls]"}
{"ts": "2026-07-18T02:03:04Z", "level": "DEBUG", "name": "swiftioc", "msg": "HTTP 200 0.17s https://www.cisa.gov/sites/default/files/feeds/known_exploited_vulnerabilities.json [cisa_kev]"}
{"ts": "2026-07-18T02:03:04Z", "level": "DEBUG", "name": "swiftioc", "msg": "collect cisa_kev 1647 in 0.37s"}
{"ts": "2026-07-18T02:03:04Z", "level": "DEBUG", "name": "swiftioc", "msg": "summary cisa_kev types={'url': 0, 'domain': 0, 'ipv4': 0, 'ipv6': 0, 'ipv4_cidr': 0, 'ipv6_cidr': 0, 'md5': 0, 'sha1': 0, 'sha256': 0, 'sha512': 0, 'cve': 1647, 'email': 0, 'btc_address': 0, 'ja3': 0, 'ja3s': 0} tags_top=[('cve', 1647), ('exploited-in-the-wild', 1647)]"}
{"ts": "2026-07-18T02:03:04Z", "level": "DEBUG", "name": "swiftioc", "msg": "HTTP 200 0.54s https://bazaar.abuse.ch/export/csv/recent/ [malwarebazaar_recent]"}
{"ts": "2026-07-18T02:03:04Z", "level": "DEBUG", "name": "swiftioc", "msg": "collect malwarebazaar_recent 886 in 0.66s"}
{"ts": "2026-07-18T02:03:04Z", "level": "DEBUG", "name": "swiftioc", "msg": "summary malwarebazaar_recent types={'url': 0, 'domain': 0, 'ipv4': 0, 'ipv6': 0, 'ipv4_cidr': 0, 'ipv6_cidr': 0, 'md5': 0, 'sha1': 0, 'sha256': 886, 'sha512': 0, 'cve': 0, 'email': 0, 'btc_address': 0, 'ja3': 0, 'ja3s': 0} tags_top=[('malware', 886), ('Mirai', 420), ('Efimer', 24), ('Gafgyt', 20), ('Vidar', 18)]"}
{"ts": "2026-07-18T02:03:04Z", "level": "DEBUG", "name": "swiftioc", "msg": "HTTP 200 0.57s https://lists.blocklist.de/lists/ssh.txt [blocklist_de_ssh]"}
{"ts": "2026-07-18T02:03:04Z", "level": "DEBUG", "name": "swiftioc", "msg": "HTTP 200 0.47s https://cinsscore.com/list/ci-badguys.txt [ci_army_list]"}
{"ts": "2026-07-18T02:03:04Z", "level": "DEBUG", "name": "swiftioc", "msg": "collect blocklist_de_ssh 5363 in 0.73s"}
{"ts": "2026-07-18T02:03:04Z", "level": "DEBUG", "name": "swiftioc", "msg": "summary blocklist_de_ssh types={'url': 0, 'domain': 0, 'ipv4': 5361, 'ipv6': 2, 'ipv4_cidr': 0, 'ipv6_cidr': 0, 'md5': 0, 'sha1': 0, 'sha256': 0, 'sha512': 0, 'cve': 0, 'email': 0, 'btc_address': 0, 'ja3': 0, 'ja3s': 0} tags_top=[('blocklist', 5363), ('bruteforce', 5363), ('ssh', 5363)]"}
{"ts": "2026-07-18T02:03:04Z", "level": "DEBUG", "name": "swiftioc", "msg": "HTTP 200 1.02s https://openphish.com/feed.txt [openphish_feed]"}
{"ts": "2026-07-18T02:03:04Z", "level": "DEBUG", "name": "swiftioc", "msg": "collect openphish_feed 300 in 1.10s"}
{"ts": "2026-07-18T02:03:04Z", "level": "DEBUG", "name": "swiftioc", "msg": "summary openphish_feed types={'url': 300, 'domain': 0, 'ipv4': 0, 'ipv6': 0, 'ipv4_cidr': 0, 'ipv6_cidr': 0, 'md5': 0, 'sha1': 0, 'sha256': 0, 'sha512': 0, 'cve': 0, 'email': 0, 'btc_address': 0, 'ja3': 0, 'ja3s': 0} tags_top=[('phishing', 300), ('openphish', 300)]"}
{"ts": "2026-07-18T02:03:05Z", "level": "DEBUG", "name": "swiftioc", "msg": "collect ci_army_list 15000 in 0.91s"}
{"ts": "2026-07-18T02:03:05Z", "level": "DEBUG", "name": "swiftioc", "msg": "HTTP 200 1.16s https://blocklist.greensnow.co/greensnow.txt [greensnow_blocklist]"}
{"ts": "2026-07-18T02:03:05Z", "level": "DEBUG", "name": "swiftioc", "msg": "summary ci_army_list types={'url': 0, 'domain': 0, 'ipv4': 15000, 'ipv6': 0, 'ipv4_cidr': 0, 'ipv6_cidr': 0, 'md5': 0, 'sha1': 0, 'sha256': 0, 'sha512': 0, 'cve': 0, 'email': 0, 'btc_address': 0, 'ja3': 0, 'ja3s': 0} tags_top=[('blocklist', 15000), ('cins', 15000), ('scanner', 15000)]"}
{"ts": "2026-07-18T02:03:05Z", "level": "DEBUG", "name": "swiftioc", "msg": "HTTP 200 0.45s https://rules.emergingthreats.net/blockrules/compromised-ips.txt [et_compromised]"}
{"ts": "2026-07-18T02:03:05Z", "level": "DEBUG", "name": "swiftioc", "msg": "collect et_compromised 578 in 0.50s"}
{"ts": "2026-07-18T02:03:05Z", "level": "DEBUG", "name": "swiftioc", "msg": "summary et_compromised types={'url': 0, 'domain': 0, 'ipv4': 578, 'ipv6': 0, 'ipv4_cidr': 0, 'ipv6_cidr': 0, 'md5': 0, 'sha1': 0, 'sha256': 0, 'sha512': 0, 'cve': 0, 'email': 0, 'btc_address': 0, 'ja3': 0, 'ja3s': 0} tags_top=[('blocklist', 578), ('compromised', 578), ('emerging-threats', 578)]"}
{"ts": "2026-07-18T02:03:05Z", "level": "DEBUG", "name": "swiftioc", "msg": "collect greensnow_blocklist 4007 in 1.26s"}
{"ts": "2026-07-18T02:03:05Z", "level": "DEBUG", "name": "swiftioc", "msg": "summary greensnow_blocklist types={'url': 0, 'domain': 0, 'ipv4': 4007, 'ipv6': 0, 'ipv4_cidr': 0, 'ipv6_cidr': 0, 'md5': 0, 'sha1': 0, 'sha256': 0, 'sha512': 0, 'cve': 0, 'email': 0, 'btc_address': 0, 'ja3': 0, 'ja3s': 0} tags_top=[('blocklist', 4007), ('greensnow', 4007)]"}
{"ts": "2026-07-18T02:03:05Z", "level": "DEBUG", "name": "swiftioc", "msg": "HTTP 200 0.17s https://raw.githubusercontent.com/stamparm/ipsum/master/levels/5.txt [ipsum_level5]"}
{"ts": "2026-07-18T02:03:05Z", "level": "DEBUG", "name": "swiftioc", "msg": "collect ipsum_level5 1692 in 0.21s"}
{"ts": "2026-07-18T02:03:05Z", "level": "DEBUG", "name": "swiftioc", "msg": "summary ipsum_level5 types={'url': 0, 'domain': 0, 'ipv4': 1692, 'ipv6': 0, 'ipv4_cidr': 0, 'ipv6_cidr': 0, 'md5': 0, 'sha1': 0, 'sha256': 0, 'sha512': 0, 'cve': 0, 'email': 0, 'btc_address': 0, 'ja3': 0, 'ja3s': 0} tags_top=[('aggregated', 1692), ('blocklist', 1692), ('ipsum', 1692), ('multi-list', 1692)]"}
{"ts": "2026-07-18T02:03:05Z", "level": "DEBUG", "name": "swiftioc", "msg": "HTTP 200 1.54s https://threatfox.abuse.ch/export/json/recent/ [threatfox_export_json]"}
{"ts": "2026-07-18T02:03:05Z", "level": "DEBUG", "name": "swiftioc", "msg": "collect urlhaus_recent_urls 347 in 1.91s"}
{"ts": "2026-07-18T02:03:05Z", "level": "DEBUG", "name": "swiftioc", "msg": "summary urlhaus_recent_urls types={'url': 347, 'domain': 0, 'ipv4': 0, 'ipv6': 0, 'ipv4_cidr': 0, 'ipv6_cidr': 0, 'md5': 0, 'sha1': 0, 'sha256': 0, 'sha512': 0, 'cve': 0, 'email': 0, 'btc_address': 0, 'ja3': 0, 'ja3s': 0} tags_top=[('malware', 347), ('2026-07-18 01:35:37', 30), ('2026-07-18 01:37:28', 11), ('2026-07-18 01:36:19', 4), ('2026-07-18 01:35:36', 3)]"}
{"ts": "2026-07-18T02:03:05Z", "level": "DEBUG", "name": "swiftioc", "msg": "collect threatfox_export_json 1862 in 1.99s"}
{"ts": "2026-07-18T02:03:05Z", "level": "DEBUG", "name": "swiftioc", "msg": "summary threatfox_export_json types={'url': 281, 'domain': 1284, 'ipv4': 235, 'ipv6': 0, 'ipv4_cidr': 0, 'ipv6_cidr': 0, 'md5': 19, 'sha1': 19, 'sha256': 24, 'sha512': 0, 'cve': 0, 'email': 0, 'btc_address': 0, 'ja3': 0, 'ja3s': 0} tags_top=[('threatfox', 1862), ('MetaStealer', 997), ('ClickFix', 265), ('JokerStat', 251), ('TDS', 251)]"}
{"ts": "2026-07-18T02:03:06Z", "level": "DEBUG", "name": "swiftioc", "msg": "HTTP 200 1.51s https://check.torproject.org/exit-addresses [tor_exit_nodes]"}
{"ts": "2026-07-18T02:03:06Z", "level": "DEBUG", "name": "swiftioc", "msg": "HTTP 200 1.15s https://www.binarydefense.com/banlist.txt [binarydefense_banlist]"}
{"ts": "2026-07-18T02:03:06Z", "level": "DEBUG", "name": "swiftioc", "msg": "collect binarydefense_banlist 2601 in 1.24s"}
{"ts": "2026-07-18T02:03:06Z", "level": "DEBUG", "name": "swiftioc", "msg": "summary binarydefense_banlist types={'url': 0, 'domain': 0, 'ipv4': 2601, 'ipv6': 0, 'ipv4_cidr': 0, 'ipv6_cidr': 0, 'md5': 0, 'sha1': 0, 'sha256': 0, 'sha512': 0, 'cve': 0, 'email': 0, 'btc_address': 0, 'ja3': 0, 'ja3s': 0} tags_top=[('binarydefense', 2601), ('blocklist', 2601), ('scanner', 2601)]"}
{"ts": "2026-07-18T02:03:06Z", "level": "DEBUG", "name": "swiftioc", "msg": "collect tor_exit_nodes 1421 in 1.73s"}
{"ts": "2026-07-18T02:03:06Z", "level": "DEBUG", "name": "swiftioc", "msg": "summary tor_exit_nodes types={'url': 0, 'domain': 0, 'ipv4': 1421, 'ipv6': 0, 'ipv4_cidr': 0, 'ipv6_cidr': 0, 'md5': 0, 'sha1': 0, 'sha256': 0, 'sha512': 0, 'cve': 0, 'email': 0, 'btc_address': 0, 'ja3': 0, 'ja3s': 0} tags_top=[('blocklist', 1421), ('exit-node', 1421), ('tor', 1421)]"}
{"ts": "2026-07-18T02:04:36Z", "level": "DEBUG", "name": "swiftioc", "msg": "HTTP 200 92.66s https://services.nvd.nist.gov/rest/json/cves/2.0/?resultsPerPage=200&lastModStartDate=2026-07-16T02%3A03%3A03.000&lastModEndDate=2026-07-18T02%3A03%3A03.000 [nist_nvd_recent]"}
{"ts": "2026-07-18T02:04:36Z", "level": "DEBUG", "name": "swiftioc", "msg": "collect nist_nvd_recent 0 in 92.75s"}
{"ts": "2026-07-18T02:04:36Z", "level": "DEBUG", "name": "swiftioc", "msg": "summary nist_nvd_recent types={'url': 0, 'domain': 0, 'ipv4': 0, 'ipv6': 0, 'ipv4_cidr': 0, 'ipv6_cidr': 0, 'md5': 0, 'sha1': 0, 'sha256': 0, 'sha512': 0, 'cve': 0, 'email': 0, 'btc_address': 0, 'ja3': 0, 'ja3s': 0} tags_top=[]"}
{"ts": "2026-07-18T02:04:38Z", "level": "INFO", "name": "swiftioc", "msg": "Persisted feed: carried forward 1018 indicators from previous run"}
{"ts": "2026-07-18T02:04:41Z", "level": "INFO", "name": "swiftioc", "msg": "Retained top 10000 indicators (pruned 23280 over --max-store)"}
{"ts": "2026-07-18T02:04:42Z", "level": "INFO", "name": "swiftioc", "msg": "High-confidence feed: 8030 of 10000 indicators (score>=80 or 2+ sources)"}
{"ts": "2026-07-18T02:04:42Z", "level": "INFO", "name": "swiftioc", "msg": "Dashboard feed: top 1000 rows written"}
{"ts": "2026-07-18T02:04:43Z", "level": "INFO", "name": "swiftioc", "msg": "MISP feed: 8030 attributes in public/misp"}
{"ts": "2026-07-18T02:04:43Z", "level": "INFO", "name": "swiftioc", "msg": "RSS feed: 50 items written"}
{"ts": "2026-07-18T02:04:44Z", "level": "INFO", "name": "swiftioc", "msg": "Wrote 10000 indicators to public/iocs"}
{"ts": "2026-07-18T02:04:44Z", "level": "INFO", "name": "swiftioc", "msg": "Per-source counts: {'cisa_kev': 1647, 'nist_nvd_recent': 0, 'urlhaus_recent_urls': 347, 'malwarebazaar_recent': 886, 'threatfox_export_json': 1862, 'feodo_ipblocklist': 5, 'sslbl_ja3': 97, 'openphish_feed': 300, 'blocklist_de_ssh': 5363, 'greensnow_blocklist': 4007, 'ci_army_list': 15000, 'tor_exit_nodes': 1421, 'et_compromised': 578, 'binarydefense_banlist': 2601, 'ipsum_level5': 1692}"}
{"ts": "2026-07-18T06:03:33Z", "level": "DEBUG", "name": "swiftioc", "msg": "HTTP 200 0.19s https://sslbl.abuse.ch/blacklist/ja3_fingerprints.csv [sslbl_ja3]"}
{"ts": "2026-07-18T06:03:33Z", "level": "DEBUG", "name": "swiftioc", "msg": "collect sslbl_ja3 97 in 0.20s"}
{"ts": "2026-07-18T06:03:33Z", "level": "DEBUG", "name": "swiftioc", "msg": "summary sslbl_ja3 types={'url': 0, 'domain': 0, 'ipv4': 0, 'ipv6': 0, 'ipv4_cidr': 0, 'ipv6_cidr': 0, 'md5': 0, 'sha1': 0, 'sha256': 0, 'sha512': 0, 'cve': 0, 'email': 0, 'btc_address': 0, 'ja3': 97, 'ja3s': 0} tags_top=[('sslbl', 97), ('tls', 97), ('fingerprint', 97), ('Tofsee', 45), ('Adware', 24)]"}
{"ts": "2026-07-18T06:03:33Z", "level": "DEBUG", "name": "swiftioc", "msg": "HTTP 200 0.30s https://www.cisa.gov/sites/default/files/feeds/known_exploited_vulnerabilities.json [cisa_kev]"}
{"ts": "2026-07-18T06:03:33Z", "level": "DEBUG", "name": "swiftioc", "msg": "HTTP 200 0.34s https://feodotracker.abuse.ch/downloads/ipblocklist.csv [feodo_ipblocklist]"}
{"ts": "2026-07-18T06:03:33Z", "level": "DEBUG", "name": "swiftioc", "msg": "HTTP 200 0.35s https://bazaar.abuse.ch/export/csv/recent/ [malwarebazaar_recent]"}
{"ts": "2026-07-18T06:03:33Z", "level": "DEBUG", "name": "swiftioc", "msg": "collect feodo_ipblocklist 5 in 0.36s"}
{"ts": "2026-07-18T06:03:33Z", "level": "DEBUG", "name": "swiftioc", "msg": "summary feodo_ipblocklist types={'url': 0, 'domain': 0, 'ipv4': 5, 'ipv6': 0, 'ipv4_cidr': 0, 'ipv6_cidr': 0, 'md5': 0, 'sha1': 0, 'sha256': 0, 'sha512': 0, 'cve': 0, 'email': 0, 'btc_address': 0, 'ja3': 0, 'ja3s': 0} tags_top=[('feodo', 5), ('c2', 5), ('QakBot', 4), ('Emotet', 1)]"}
{"ts": "2026-07-18T06:03:33Z", "level": "DEBUG", "name": "swiftioc", "msg": "collect cisa_kev 1647 in 0.37s"}
{"ts": "2026-07-18T06:03:33Z", "level": "DEBUG", "name": "swiftioc", "msg": "summary cisa_kev types={'url': 0, 'domain': 0, 'ipv4': 0, 'ipv6': 0, 'ipv4_cidr': 0, 'ipv6_cidr': 0, 'md5': 0, 'sha1': 0, 'sha256': 0, 'sha512': 0, 'cve': 1647, 'email': 0, 'btc_address': 0, 'ja3': 0, 'ja3s': 0} tags_top=[('cve', 1647), ('exploited-in-the-wild', 1647)]"}
{"ts": "2026-07-18T06:03:33Z", "level": "DEBUG", "name": "swiftioc", "msg": "collect malwarebazaar_recent 875 in 0.42s"}
{"ts": "2026-07-18T06:03:33Z", "level": "DEBUG", "name": "swiftioc", "msg": "summary malwarebazaar_recent types={'url': 0, 'domain': 0, 'ipv4': 0, 'ipv6': 0, 'ipv4_cidr': 0, 'ipv6_cidr': 0, 'md5': 0, 'sha1': 0, 'sha256': 875, 'sha512': 0, 'cve': 0, 'email': 0, 'btc_address': 0, 'ja3': 0, 'ja3s': 0} tags_top=[('malware', 875), ('Mirai', 422), ('Gafgyt', 21), ('Efimer', 20), ('Vidar', 17)]"}
{"ts": "2026-07-18T06:03:33Z", "level": "DEBUG", "name": "swiftioc", "msg": "HTTP 200 0.22s https://lists.blocklist.de/lists/ssh.txt [blocklist_de_ssh]"}
{"ts": "2026-07-18T06:03:33Z", "level": "DEBUG", "name": "swiftioc", "msg": "collect blocklist_de_ssh 5354 in 0.28s"}
{"ts": "2026-07-18T06:03:33Z", "level": "DEBUG", "name": "swiftioc", "msg": "summary blocklist_de_ssh types={'url': 0, 'domain': 0, 'ipv4': 5354, 'ipv6': 0, 'ipv4_cidr': 0, 'ipv6_cidr': 0, 'md5': 0, 'sha1': 0, 'sha256': 0, 'sha512': 0, 'cve': 0, 'email': 0, 'btc_address': 0, 'ja3': 0, 'ja3s': 0} tags_top=[('blocklist', 5354), ('bruteforce', 5354), ('ssh', 5354)]"}
{"ts": "2026-07-18T06:03:33Z", "level": "DEBUG", "name": "swiftioc", "msg": "HTTP 200 0.52s https://threatfox.abuse.ch/export/json/recent/ [threatfox_export_json]"}
{"ts": "2026-07-18T06:03:33Z", "level": "DEBUG", "name": "swiftioc", "msg": "HTTP 200 0.37s https://cinsscore.com/list/ci-badguys.txt [ci_army_list]"}
{"ts": "2026-07-18T06:03:33Z", "level": "DEBUG", "name": "swiftioc", "msg": "collect threatfox_export_json 1831 in 0.81s"}
{"ts": "2026-07-18T06:03:33Z", "level": "DEBUG", "name": "swiftioc", "msg": "summary threatfox_export_json types={'url': 267, 'domain': 1284, 'ipv4': 223, 'ipv6': 0, 'ipv4_cidr': 0, 'ipv6_cidr': 0, 'md5': 19, 'sha1': 19, 'sha256': 19, 'sha512': 0, 'cve': 0, 'email': 0, 'btc_address': 0, 'ja3': 0, 'ja3s': 0} tags_top=[('threatfox', 1831), ('MetaStealer', 997), ('ClickFix', 263), ('JokerStat', 251), ('TDS', 251)]"}
{"ts": "2026-07-18T06:03:33Z", "level": "DEBUG", "name": "swiftioc", "msg": "HTTP 200 0.83s https://openphish.com/feed.txt [openphish_feed]"}
{"ts": "2026-07-18T06:03:33Z", "level": "DEBUG", "name": "swiftioc", "msg": "collect openphish_feed 300 in 0.84s"}
{"ts": "2026-07-18T06:03:33Z", "level": "DEBUG", "name": "swiftioc", "msg": "summary openphish_feed types={'url': 300, 'domain': 0, 'ipv4': 0, 'ipv6': 0, 'ipv4_cidr': 0, 'ipv6_cidr': 0, 'md5': 0, 'sha1': 0, 'sha256': 0, 'sha512': 0, 'cve': 0, 'email': 0, 'btc_address': 0, 'ja3': 0, 'ja3s': 0} tags_top=[('phishing', 300), ('openphish', 300)]"}
{"ts": "2026-07-18T06:03:33Z", "level": "DEBUG", "name": "swiftioc", "msg": "HTTP 200 0.37s https://rules.emergingthreats.net/blockrules/compromised-ips.txt [et_compromised]"}
{"ts": "2026-07-18T06:03:33Z", "level": "DEBUG", "name": "swiftioc", "msg": "HTTP 200 0.05s https://raw.githubusercontent.com/stamparm/ipsum/master/levels/5.txt [ipsum_level5]"}
{"ts": "2026-07-18T06:03:33Z", "level": "DEBUG", "name": "swiftioc", "msg": "collect et_compromised 578 in 0.42s"}
{"ts": "2026-07-18T06:03:33Z", "level": "DEBUG", "name": "swiftioc", "msg": "summary et_compromised types={'url': 0, 'domain': 0, 'ipv4': 578, 'ipv6': 0, 'ipv4_cidr': 0, 'ipv6_cidr': 0, 'md5': 0, 'sha1': 0, 'sha256': 0, 'sha512': 0, 'cve': 0, 'email': 0, 'btc_address': 0, 'ja3': 0, 'ja3s': 0} tags_top=[('blocklist', 578), ('compromised', 578), ('emerging-threats', 578)]"}
{"ts": "2026-07-18T06:03:33Z", "level": "DEBUG", "name": "swiftioc", "msg": "collect ipsum_level5 1692 in 0.12s"}
{"ts": "2026-07-18T06:03:33Z", "level": "DEBUG", "name": "swiftioc", "msg": "summary ipsum_level5 types={'url': 0, 'domain': 0, 'ipv4': 1692, 'ipv6': 0, 'ipv4_cidr': 0, 'ipv6_cidr': 0, 'md5': 0, 'sha1': 0, 'sha256': 0, 'sha512': 0, 'cve': 0, 'email': 0, 'btc_address': 0, 'ja3': 0, 'ja3s': 0} tags_top=[('aggregated', 1692), ('blocklist', 1692), ('ipsum', 1692), ('multi-list', 1692)]"}
{"ts": "2026-07-18T06:03:33Z", "level": "DEBUG", "name": "swiftioc", "msg": "collect ci_army_list 15000 in 0.62s"}
{"ts": "2026-07-18T06:03:33Z", "level": "DEBUG", "name": "swiftioc", "msg": "summary ci_army_list types={'url': 0, 'domain': 0, 'ipv4': 15000, 'ipv6': 0, 'ipv4_cidr': 0, 'ipv6_cidr': 0, 'md5': 0, 'sha1': 0, 'sha256': 0, 'sha512': 0, 'cve': 0, 'email': 0, 'btc_address': 0, 'ja3': 0, 'ja3s': 0} tags_top=[('blocklist', 15000), ('cins', 15000), ('scanner', 15000)]"}
{"ts": "2026-07-18T06:03:33Z", "level": "DEBUG", "name": "swiftioc", "msg": "HTTP 200 1.01s https://urlhaus.abuse.ch/downloads/csv_recent/ [urlhaus_recent_urls]"}
{"ts": "2026-07-18T06:03:34Z", "level": "DEBUG", "name": "swiftioc", "msg": "HTTP 200 0.90s https://blocklist.greensnow.co/greensnow.txt [greensnow_blocklist]"}
{"ts": "2026-07-18T06:03:34Z", "level": "DEBUG", "name": "swiftioc", "msg": "collect greensnow_blocklist 3967 in 0.98s"}
{"ts": "2026-07-18T06:03:34Z", "level": "DEBUG", "name": "swiftioc", "msg": "summary greensnow_blocklist types={'url': 0, 'domain': 0, 'ipv4': 3967, 'ipv6': 0, 'ipv4_cidr': 0, 'ipv6_cidr': 0, 'md5': 0, 'sha1': 0, 'sha256': 0, 'sha512': 0, 'cve': 0, 'email': 0, 'btc_address': 0, 'ja3': 0, 'ja3s': 0} tags_top=[('blocklist', 3967), ('greensnow', 3967)]"}
{"ts": "2026-07-18T06:03:34Z", "level": "DEBUG", "name": "swiftioc", "msg": "HTTP 200 0.84s https://www.binarydefense.com/banlist.txt [binarydefense_banlist]"}
{"ts": "2026-07-18T06:03:34Z", "level": "DEBUG", "name": "swiftioc", "msg": "collect binarydefense_banlist 2601 in 0.91s"}
{"ts": "2026-07-18T06:03:34Z", "level": "DEBUG", "name": "swiftioc", "msg": "summary binarydefense_banlist types={'url': 0, 'domain': 0, 'ipv4': 2601, 'ipv6': 0, 'ipv4_cidr': 0, 'ipv6_cidr': 0, 'md5': 0, 'sha1': 0, 'sha256': 0, 'sha512': 0, 'cve': 0, 'email': 0, 'btc_address': 0, 'ja3': 0, 'ja3s': 0} tags_top=[('binarydefense', 2601), ('blocklist', 2601), ('scanner', 2601)]"}
{"ts": "2026-07-18T06:03:34Z", "level": "DEBUG", "name": "swiftioc", "msg": "HTTP 200 1.49s https://check.torproject.org/exit-addresses [tor_exit_nodes]"}
{"ts": "2026-07-18T06:03:34Z", "level": "DEBUG", "name": "swiftioc", "msg": "collect urlhaus_recent_urls 360 in 1.97s"}
{"ts": "2026-07-18T06:03:34Z", "level": "DEBUG", "name": "swiftioc", "msg": "summary urlhaus_recent_urls types={'url': 360, 'domain': 0, 'ipv4': 0, 'ipv6': 0, 'ipv4_cidr': 0, 'ipv6_cidr': 0, 'md5': 0, 'sha1': 0, 'sha256': 0, 'sha512': 0, 'cve': 0, 'email': 0, 'btc_address': 0, 'ja3': 0, 'ja3s': 0} tags_top=[('malware', 360), ('2026-07-18 01:35:37', 29), ('2026-07-18 01:37:28', 9), ('2026-07-18 05:45:28', 3), ('2026-07-18 01:36:19', 3)]"}
{"ts": "2026-07-18T06:03:34Z", "level": "DEBUG", "name": "swiftioc", "msg": "collect tor_exit_nodes 1422 in 1.71s"}
{"ts": "2026-07-18T06:03:34Z", "level": "DEBUG", "name": "swiftioc", "msg": "summary tor_exit_nodes types={'url': 0, 'domain': 0, 'ipv4': 1422, 'ipv6': 0, 'ipv4_cidr': 0, 'ipv6_cidr': 0, 'md5': 0, 'sha1': 0, 'sha256': 0, 'sha512': 0, 'cve': 0, 'email': 0, 'btc_address': 0, 'ja3': 0, 'ja3s': 0} tags_top=[('blocklist', 1422), ('exit-node', 1422), ('tor', 1422)]"}
{"ts": "2026-07-18T06:04:04Z", "level": "DEBUG", "name": "swiftioc", "msg": "HTTP 200 31.42s https://services.nvd.nist.gov/rest/json/cves/2.0/?resultsPerPage=200&lastModStartDate=2026-07-16T06%3A03%3A32.000&lastModEndDate=2026-07-18T06%3A03%3A32.000 [nist_nvd_recent]"}
{"ts": "2026-07-18T06:04:04Z", "level": "DEBUG", "name": "swiftioc", "msg": "collect nist_nvd_recent 0 in 31.50s"}
{"ts": "2026-07-18T06:04:04Z", "level": "DEBUG", "name": "swiftioc", "msg": "summary nist_nvd_recent types={'url': 0, 'domain': 0, 'ipv4': 0, 'ipv6': 0, 'ipv4_cidr': 0, 'ipv6_cidr': 0, 'md5': 0, 'sha1': 0, 'sha256': 0, 'sha512': 0, 'cve': 0, 'email': 0, 'btc_address': 0, 'ja3': 0, 'ja3s': 0} tags_top=[]"}
{"ts": "2026-07-18T06:04:06Z", "level": "INFO", "name": "swiftioc", "msg": "Persisted feed: carried forward 467 indicators from previous run"}
{"ts": "2026-07-18T06:04:09Z", "level": "INFO", "name": "swiftioc", "msg": "Retained top 10000 indicators (pruned 22744 over --max-store)"}
{"ts": "2026-07-18T06:04:10Z", "level": "INFO", "name": "swiftioc", "msg": "High-confidence feed: 8091 of 10000 indicators (score>=80 or 2+ sources)"}
{"ts": "2026-07-18T06:04:10Z", "level": "INFO", "name": "swiftioc", "msg": "Dashboard feed: top 1000 rows written"}
{"ts": "2026-07-18T06:04:10Z", "level": "INFO", "name": "swiftioc", "msg": "MISP feed: 8091 attributes in public/misp"}
{"ts": "2026-07-18T06:04:10Z", "level": "INFO", "name": "swiftioc", "msg": "RSS feed: 50 items written"}
{"ts": "2026-07-18T06:04:11Z", "level": "INFO", "name": "swiftioc", "msg": "Wrote 10000 indicators to public/iocs"}
{"ts": "2026-07-18T06:04:11Z", "level": "INFO", "name": "swiftioc", "msg": "Per-source counts: {'cisa_kev': 1647, 'nist_nvd_recent': 0, 'urlhaus_recent_urls': 360, 'malwarebazaar_recent': 875, 'threatfox_export_json': 1831, 'feodo_ipblocklist': 5, 'sslbl_ja3': 97, 'openphish_feed': 300, 'blocklist_de_ssh': 5354, 'greensnow_blocklist': 3967, 'ci_army_list': 15000, 'tor_exit_nodes': 1422, 'et_compromised': 578, 'binarydefense_banlist': 2601, 'ipsum_level5': 1692}"}
{"ts": "2026-07-18T09:21:30Z", "level": "DEBUG", "name": "swiftioc", "msg": "HTTP 200 0.10s https://sslbl.abuse.ch/blacklist/ja3_fingerprints.csv [sslbl_ja3]"}
{"ts": "2026-07-18T09:21:30Z", "level": "DEBUG", "name": "swiftioc", "msg": "collect sslbl_ja3 97 in 0.11s"}
{"ts": "2026-07-18T09:21:30Z", "level": "DEBUG", "name": "swiftioc", "msg": "summary sslbl_ja3 types={'url': 0, 'domain': 0, 'ipv4': 0, 'ipv6': 0, 'ipv4_cidr': 0, 'ipv6_cidr': 0, 'md5': 0, 'sha1': 0, 'sha256': 0, 'sha512': 0, 'cve': 0, 'email': 0, 'btc_address': 0, 'ja3': 97, 'ja3s': 0} tags_top=[('sslbl', 97), ('tls', 97), ('fingerprint', 97), ('Tofsee', 45), ('Adware', 24)]"}
{"ts": "2026-07-18T09:21:30Z", "level": "DEBUG", "name": "swiftioc", "msg": "HTTP 200 0.13s https://bazaar.abuse.ch/export/csv/recent/ [malwarebazaar_recent]"}
{"ts": "2026-07-18T09:21:30Z", "level": "DEBUG", "name": "swiftioc", "msg": "collect malwarebazaar_recent 792 in 0.20s"}
{"ts": "2026-07-18T09:21:30Z", "level": "DEBUG", "name": "swiftioc", "msg": "summary malwarebazaar_recent types={'url': 0, 'domain': 0, 'ipv4': 0, 'ipv6': 0, 'ipv4_cidr': 0, 'ipv6_cidr': 0, 'md5': 0, 'sha1': 0, 'sha256': 792, 'sha512': 0, 'cve': 0, 'email': 0, 'btc_address': 0, 'ja3': 0, 'ja3s': 0} tags_top=[('malware', 792), ('Mirai', 439), ('Gafgyt', 21), ('Efimer', 17), ('Vidar', 13)]"}
{"ts": "2026-07-18T09:21:30Z", "level": "DEBUG", "name": "swiftioc", "msg": "HTTP 200 0.10s https://lists.blocklist.de/lists/ssh.txt [blocklist_de_ssh]"}
{"ts": "2026-07-18T09:21:30Z", "level": "DEBUG", "name": "swiftioc", "msg": "collect blocklist_de_ssh 5356 in 0.18s"}
{"ts": "2026-07-18T09:21:31Z", "level": "DEBUG", "name": "swiftioc", "msg": "summary blocklist_de_ssh types={'url': 0, 'domain': 0, 'ipv4': 5355, 'ipv6': 1, 'ipv4_cidr': 0, 'ipv6_cidr': 0, 'md5': 0, 'sha1': 0, 'sha256': 0, 'sha512': 0, 'cve': 0, 'email': 0, 'btc_address': 0, 'ja3': 0, 'ja3s': 0} tags_top=[('blocklist', 5356), ('bruteforce', 5356), ('ssh', 5356)]"}
{"ts": "2026-07-18T09:21:31Z", "level": "DEBUG", "name": "swiftioc", "msg": "HTTP 200 0.30s https://www.cisa.gov/sites/default/files/feeds/known_exploited_vulnerabilities.json [cisa_kev]"}
{"ts": "2026-07-18T09:21:31Z", "level": "DEBUG", "name": "swiftioc", "msg": "HTTP 200 0.33s https://feodotracker.abuse.ch/downloads/ipblocklist.csv [feodo_ipblocklist]"}
{"ts": "2026-07-18T09:21:31Z", "level": "DEBUG", "name": "swiftioc", "msg": "collect feodo_ipblocklist 5 in 0.35s"}
{"ts": "2026-07-18T09:21:31Z", "level": "DEBUG", "name": "swiftioc", "msg": "summary feodo_ipblocklist types={'url': 0, 'domain': 0, 'ipv4': 5, 'ipv6': 0, 'ipv4_cidr': 0, 'ipv6_cidr': 0, 'md5': 0, 'sha1': 0, 'sha256': 0, 'sha512': 0, 'cve': 0, 'email': 0, 'btc_address': 0, 'ja3': 0, 'ja3s': 0} tags_top=[('feodo', 5), ('c2', 5), ('QakBot', 4), ('Emotet', 1)]"}
{"ts": "2026-07-18T09:21:31Z", "level": "DEBUG", "name": "swiftioc", "msg": "collect cisa_kev 1647 in 0.39s"}
{"ts": "2026-07-18T09:21:31Z", "level": "DEBUG", "name": "swiftioc", "msg": "summary cisa_kev types={'url': 0, 'domain': 0, 'ipv4': 0, 'ipv6': 0, 'ipv4_cidr': 0, 'ipv6_cidr': 0, 'md5': 0, 'sha1': 0, 'sha256': 0, 'sha512': 0, 'cve': 1647, 'email': 0, 'btc_address': 0, 'ja3': 0, 'ja3s': 0} tags_top=[('cve', 1647), ('exploited-in-the-wild', 1647)]"}
{"ts": "2026-07-18T09:21:31Z", "level": "DEBUG", "name": "swiftioc", "msg": "HTTP 200 0.40s https://urlhaus.abuse.ch/downloads/csv_recent/ [urlhaus_recent_urls]"}
{"ts": "2026-07-18T09:21:31Z", "level": "DEBUG", "name": "swiftioc", "msg": "HTTP 200 0.52s https://threatfox.abuse.ch/export/json/recent/ [threatfox_export_json]"}
{"ts": "2026-07-18T09:21:31Z", "level": "DEBUG", "name": "swiftioc", "msg": "HTTP 200 0.20s https://rules.emergingthreats.net/blockrules/compromised-ips.txt [et_compromised]"}
{"ts": "2026-07-18T09:21:31Z", "level": "DEBUG", "name": "swiftioc", "msg": "collect et_compromised 578 in 0.25s"}
{"ts": "2026-07-18T09:21:31Z", "level": "DEBUG", "name": "swiftioc", "msg": "summary et_compromised types={'url': 0, 'domain': 0, 'ipv4': 578, 'ipv6': 0, 'ipv4_cidr': 0, 'ipv6_cidr': 0, 'md5': 0, 'sha1': 0, 'sha256': 0, 'sha512': 0, 'cve': 0, 'email': 0, 'btc_address': 0, 'ja3': 0, 'ja3s': 0} tags_top=[('blocklist', 578), ('compromised', 578), ('emerging-threats', 578)]"}
{"ts": "2026-07-18T09:21:31Z", "level": "DEBUG", "name": "swiftioc", "msg": "HTTP 200 0.42s https://cinsscore.com/list/ci-badguys.txt [ci_army_list]"}
{"ts": "2026-07-18T09:21:31Z", "level": "DEBUG", "name": "swiftioc", "msg": "HTTP 200 0.84s https://openphish.com/feed.txt [openphish_feed]"}
{"ts": "2026-07-18T09:21:31Z", "level": "DEBUG", "name": "swiftioc", "msg": "HTTP 200 0.73s https://blocklist.greensnow.co/greensnow.txt [greensnow_blocklist]"}
{"ts": "2026-07-18T09:21:31Z", "level": "DEBUG", "name": "swiftioc", "msg": "collect threatfox_export_json 809 in 1.02s"}
{"ts": "2026-07-18T09:21:31Z", "level": "DEBUG", "name": "swiftioc", "msg": "summary threatfox_export_json types={'url': 262, 'domain': 278, 'ipv4': 212, 'ipv6': 0, 'ipv4_cidr': 0, 'ipv6_cidr': 0, 'md5': 19, 'sha1': 19, 'sha256': 19, 'sha512': 0, 'cve': 0, 'email': 0, 'btc_address': 0, 'ja3': 0, 'ja3s': 0} tags_top=[('threatfox', 809), ('ClickFix', 262), ('JokerStat', 251), ('TDS', 251), ('ClearFake', 185)]"}
{"ts": "2026-07-18T09:21:31Z", "level": "DEBUG", "name": "swiftioc", "msg": "collect openphish_feed 300 in 1.01s"}
{"ts": "2026-07-18T09:21:31Z", "level": "DEBUG", "name": "swiftioc", "msg": "summary openphish_feed types={'url': 300, 'domain': 0, 'ipv4': 0, 'ipv6': 0, 'ipv4_cidr': 0, 'ipv6_cidr': 0, 'md5': 0, 'sha1': 0, 'sha256': 0, 'sha512': 0, 'cve': 0, 'email': 0, 'btc_address': 0, 'ja3': 0, 'ja3s': 0} tags_top=[('phishing', 300), ('openphish', 300)]"}
{"ts": "2026-07-18T09:21:31Z", "level": "DEBUG", "name": "swiftioc", "msg": "collect greensnow_blocklist 3927 in 0.89s"}
{"ts": "2026-07-18T09:21:31Z", "level": "DEBUG", "name": "swiftioc", "msg": "summary greensnow_blocklist types={'url': 0, 'domain': 0, 'ipv4': 3927, 'ipv6': 0, 'ipv4_cidr': 0, 'ipv6_cidr': 0, 'md5': 0, 'sha1': 0, 'sha256': 0, 'sha512': 0, 'cve': 0, 'email': 0, 'btc_address': 0, 'ja3': 0, 'ja3s': 0} tags_top=[('blocklist', 3927), ('greensnow', 3927)]"}
{"ts": "2026-07-18T09:21:31Z", "level": "DEBUG", "name": "swiftioc", "msg": "HTTP 200 0.10s https://raw.githubusercontent.com/stamparm/ipsum/master/levels/5.txt [ipsum_level5]"}
{"ts": "2026-07-18T09:21:31Z", "level": "DEBUG", "name": "swiftioc", "msg": "collect ipsum_level5 1692 in 0.19s"}
{"ts": "2026-07-18T09:21:31Z", "level": "DEBUG", "name": "swiftioc", "msg": "summary ipsum_level5 types={'url': 0, 'domain': 0, 'ipv4': 1692, 'ipv6': 0, 'ipv4_cidr': 0, 'ipv6_cidr': 0, 'md5': 0, 'sha1': 0, 'sha256': 0, 'sha512': 0, 'cve': 0, 'email': 0, 'btc_address': 0, 'ja3': 0, 'ja3s': 0} tags_top=[('aggregated', 1692), ('blocklist', 1692), ('ipsum', 1692), ('multi-list', 1692)]"}
{"ts": "2026-07-18T09:21:32Z", "level": "DEBUG", "name": "swiftioc", "msg": "collect ci_army_list 15000 in 1.02s"}
{"ts": "2026-07-18T09:21:32Z", "level": "DEBUG", "name": "swiftioc", "msg": "summary ci_army_list types={'url': 0, 'domain': 0, 'ipv4': 15000, 'ipv6': 0, 'ipv4_cidr': 0, 'ipv6_cidr': 0, 'md5': 0, 'sha1': 0, 'sha256': 0, 'sha512': 0, 'cve': 0, 'email': 0, 'btc_address': 0, 'ja3': 0, 'ja3s': 0} tags_top=[('blocklist', 15000), ('cins', 15000), ('scanner', 15000)]"}
{"ts": "2026-07-18T09:21:32Z", "level": "DEBUG", "name": "swiftioc", "msg": "HTTP 200 0.77s https://www.binarydefense.com/banlist.txt [binarydefense_banlist]"}
{"ts": "2026-07-18T09:21:32Z", "level": "DEBUG", "name": "swiftioc", "msg": "collect binarydefense_banlist 2601 in 0.83s"}
{"ts": "2026-07-18T09:21:32Z", "level": "DEBUG", "name": "swiftioc", "msg": "summary binarydefense_banlist types={'url': 0, 'domain': 0, 'ipv4': 2601, 'ipv6': 0, 'ipv4_cidr': 0, 'ipv6_cidr': 0, 'md5': 0, 'sha1': 0, 'sha256': 0, 'sha512': 0, 'cve': 0, 'email': 0, 'btc_address': 0, 'ja3': 0, 'ja3s': 0} tags_top=[('binarydefense', 2601), ('blocklist', 2601), ('scanner', 2601)]"}
{"ts": "2026-07-18T09:21:32Z", "level": "DEBUG", "name": "swiftioc", "msg": "HTTP 200 1.24s https://check.torproject.org/exit-addresses [tor_exit_nodes]"}
{"ts": "2026-07-18T09:21:32Z", "level": "DEBUG", "name": "swiftioc", "msg": "collect tor_exit_nodes 1423 in 1.67s"}
{"ts": "2026-07-18T09:21:32Z", "level": "DEBUG", "name": "swiftioc", "msg": "summary tor_exit_nodes types={'url': 0, 'domain': 0, 'ipv4': 1423, 'ipv6': 0, 'ipv4_cidr': 0, 'ipv6_cidr': 0, 'md5': 0, 'sha1': 0, 'sha256': 0, 'sha512': 0, 'cve': 0, 'email': 0, 'btc_address': 0, 'ja3': 0, 'ja3s': 0} tags_top=[('blocklist', 1423), ('exit-node', 1423), ('tor', 1423)]"}
{"ts": "2026-07-18T09:21:32Z", "level": "DEBUG", "name": "swiftioc", "msg": "collect urlhaus_recent_urls 360 in 2.20s"}
{"ts": "2026-07-18T09:21:32Z", "level": "DEBUG", "name": "swiftioc", "msg": "summary urlhaus_recent_urls types={'url': 360, 'domain': 0, 'ipv4': 0, 'ipv6': 0, 'ipv4_cidr': 0, 'ipv6_cidr': 0, 'md5': 0, 'sha1': 0, 'sha256': 0, 'sha512': 0, 'cve': 0, 'email': 0, 'btc_address': 0, 'ja3': 0, 'ja3s': 0} tags_top=[('malware', 360), ('2026-07-18 06:27:25', 4), ('2026-07-18 05:45:28', 3), ('2026-07-18 08:12:15', 2), ('2026-07-18 06:32:23', 2)]"}
{"ts": "2026-07-18T09:21:39Z", "level": "DEBUG", "name": "swiftioc", "msg": "HTTP 200 9.12s https://services.nvd.nist.gov/rest/json/cves/2.0/?resultsPerPage=200&lastModStartDate=2026-07-16T09%3A21%3A30.000&lastModEndDate=2026-07-18T09%3A21%3A30.000 [nist_nvd_recent]"}
{"ts": "2026-07-18T09:21:39Z", "level": "DEBUG", "name": "swiftioc", "msg": "collect nist_nvd_recent 0 in 9.21s"}
{"ts": "2026-07-18T09:21:39Z", "level": "DEBUG", "name": "swiftioc", "msg": "summary nist_nvd_recent types={'url': 0, 'domain': 0, 'ipv4': 0, 'ipv6': 0, 'ipv4_cidr': 0, 'ipv6_cidr': 0, 'md5': 0, 'sha1': 0, 'sha256': 0, 'sha512': 0, 'cve': 0, 'email': 0, 'btc_address': 0, 'ja3': 0, 'ja3s': 0} tags_top=[]"}
{"ts": "2026-07-18T09:21:41Z", "level": "INFO", "name": "swiftioc", "msg": "Persisted feed: carried forward 1583 indicators from previous run"}
{"ts": "2026-07-18T09:21:45Z", "level": "INFO", "name": "swiftioc", "msg": "Retained top 10000 indicators (pruned 22833 over --max-store)"}
{"ts": "2026-07-18T09:21:46Z", "level": "INFO", "name": "swiftioc", "msg": "High-confidence feed: 7120 of 10000 indicators (score>=80 or 2+ sources)"}
{"ts": "2026-07-18T09:21:46Z", "level": "INFO", "name": "swiftioc", "msg": "Dashboard feed: top 1000 rows written"}
{"ts": "2026-07-18T09:21:46Z", "level": "INFO", "name": "swiftioc", "msg": "MISP feed: 7120 attributes in public/misp"}
{"ts": "2026-07-18T09:21:46Z", "level": "INFO", "name": "swiftioc", "msg": "RSS feed: 50 items written"}
{"ts": "2026-07-18T09:21:47Z", "level": "INFO", "name": "swiftioc", "msg": "Wrote 10000 indicators to public/iocs"}
{"ts": "2026-07-18T09:21:47Z", "level": "INFO", "name": "swiftioc", "msg": "Per-source counts: {'cisa_kev': 1647, 'nist_nvd_recent': 0, 'urlhaus_recent_urls': 360, 'malwarebazaar_recent': 792, 'threatfox_export_json': 809, 'feodo_ipblocklist': 5, 'sslbl_ja3': 97, 'openphish_feed': 300, 'blocklist_de_ssh': 5356, 'greensnow_blocklist': 3927, 'ci_army_list': 15000, 'tor_exit_nodes': 1423, 'et_compromised': 578, 'binarydefense_banlist': 2601, 'ipsum_level5': 1692}"}
{"ts": "2026-07-18T13:06:04Z", "level": "DEBUG", "name": "swiftioc", "msg": "HTTP 200 0.14s https://threatfox.abuse.ch/export/json/recent/ [threatfox_export_json]"}
{"ts": "2026-07-18T13:06:04Z", "level": "DEBUG", "name": "swiftioc", "msg": "HTTP 200 0.20s https://feodotracker.abuse.ch/downloads/ipblocklist.csv [feodo_ipblocklist]"}
{"ts": "2026-07-18T13:06:04Z", "level": "DEBUG", "name": "swiftioc", "msg": "collect feodo_ipblocklist 5 in 0.23s"}
{"ts": "2026-07-18T13:06:04Z", "level": "DEBUG", "name": "swiftioc", "msg": "summary feodo_ipblocklist types={'url': 0, 'domain': 0, 'ipv4': 5, 'ipv6': 0, 'ipv4_cidr': 0, 'ipv6_cidr': 0, 'md5': 0, 'sha1': 0, 'sha256': 0, 'sha512': 0, 'cve': 0, 'email': 0, 'btc_address': 0, 'ja3': 0, 'ja3s': 0} tags_top=[('feodo', 5), ('c2', 5), ('QakBot', 4), ('Emotet', 1)]"}
{"ts": "2026-07-18T13:06:04Z", "level": "DEBUG", "name": "swiftioc", "msg": "HTTP 200 0.26s https://sslbl.abuse.ch/blacklist/ja3_fingerprints.csv [sslbl_ja3]"}
{"ts": "2026-07-18T13:06:04Z", "level": "DEBUG", "name": "swiftioc", "msg": "collect sslbl_ja3 97 in 0.30s"}
{"ts": "2026-07-18T13:06:04Z", "level": "DEBUG", "name": "swiftioc", "msg": "summary sslbl_ja3 types={'url': 0, 'domain': 0, 'ipv4': 0, 'ipv6': 0, 'ipv4_cidr': 0, 'ipv6_cidr': 0, 'md5': 0, 'sha1': 0, 'sha256': 0, 'sha512': 0, 'cve': 0, 'email': 0, 'btc_address': 0, 'ja3': 97, 'ja3s': 0} tags_top=[('sslbl', 97), ('tls', 97), ('fingerprint', 97), ('Tofsee', 45), ('Adware', 24)]"}
{"ts": "2026-07-18T13:06:04Z", "level": "DEBUG", "name": "swiftioc", "msg": "collect threatfox_export_json 795 in 0.34s"}
{"ts": "2026-07-18T13:06:04Z", "level": "DEBUG", "name": "swiftioc", "msg": "summary threatfox_export_json types={'url': 252, 'domain': 291, 'ipv4': 195, 'ipv6': 0, 'ipv4_cidr': 0, 'ipv6_cidr': 0, 'md5': 19, 'sha1': 19, 'sha256': 19, 'sha512': 0, 'cve': 0, 'email': 0, 'btc_address': 0, 'ja3': 0, 'ja3s': 0} tags_top=[('threatfox', 795), ('ClickFix', 266), ('JokerStat', 251), ('TDS', 251), ('ClearFake', 193)]"}
{"ts": "2026-07-18T13:06:04Z", "level": "DEBUG", "name": "swiftioc", "msg": "HTTP 200 0.34s https://bazaar.abuse.ch/export/csv/recent/ [malwarebazaar_recent]"}
{"ts": "2026-07-18T13:06:04Z", "level": "DEBUG", "name": "swiftioc", "msg": "collect malwarebazaar_recent 782 in 0.38s"}
{"ts": "2026-07-18T13:06:04Z", "level": "DEBUG", "name": "swiftioc", "msg": "summary malwarebazaar_recent types={'url': 0, 'domain': 0, 'ipv4': 0, 'ipv6': 0, 'ipv4_cidr': 0, 'ipv6_cidr': 0, 'md5': 0, 'sha1': 0, 'sha256': 782, 'sha512': 0, 'cve': 0, 'email': 0, 'btc_address': 0, 'ja3': 0, 'ja3s': 0} tags_top=[('malware', 782), ('Mirai', 422), ('Gafgyt', 21), ('Efimer', 17), ('ValleyRAT', 13)]"}
{"ts": "2026-07-18T13:06:04Z", "level": "DEBUG", "name": "swiftioc", "msg": "HTTP 200 0.39s https://www.cisa.gov/sites/default/files/feeds/known_exploited_vulnerabilities.json [cisa_kev]"}
{"ts": "2026-07-18T13:06:04Z", "level": "DEBUG", "name": "swiftioc", "msg": "collect cisa_kev 1647 in 0.45s"}
{"ts": "2026-07-18T13:06:04Z", "level": "DEBUG", "name": "swiftioc", "msg": "summary cisa_kev types={'url': 0, 'domain': 0, 'ipv4': 0, 'ipv6': 0, 'ipv4_cidr': 0, 'ipv6_cidr': 0, 'md5': 0, 'sha1': 0, 'sha256': 0, 'sha512': 0, 'cve': 1647, 'email': 0, 'btc_address': 0, 'ja3': 0, 'ja3s': 0} tags_top=[('cve', 1647), ('exploited-in-the-wild', 1647)]"}
{"ts": "2026-07-18T13:06:04Z", "level": "DEBUG", "name": "swiftioc", "msg": "HTTP 200 0.22s https://lists.blocklist.de/lists/ssh.txt [blocklist_de_ssh]"}
{"ts": "2026-07-18T13:06:04Z", "level": "DEBUG", "name": "swiftioc", "msg": "collect blocklist_de_ssh 5331 in 0.28s"}
{"ts": "2026-07-18T13:06:04Z", "level": "DEBUG", "name": "swiftioc", "msg": "summary blocklist_de_ssh types={'url': 0, 'domain': 0, 'ipv4': 5329, 'ipv6': 2, 'ipv4_cidr': 0, 'ipv6_cidr': 0, 'md5': 0, 'sha1': 0, 'sha256': 0, 'sha512': 0, 'cve': 0, 'email': 0, 'btc_address': 0, 'ja3': 0, 'ja3s': 0} tags_top=[('blocklist', 5331), ('bruteforce', 5331), ('ssh', 5331)]"}
{"ts": "2026-07-18T13:06:04Z", "level": "DEBUG", "name": "swiftioc", "msg": "HTTP 200 0.53s https://urlhaus.abuse.ch/downloads/csv_recent/ [urlhaus_recent_urls]"}
{"ts": "2026-07-18T13:06:04Z", "level": "DEBUG", "name": "swiftioc", "msg": "HTTP 200 0.26s https://rules.emergingthreats.net/blockrules/compromised-ips.txt [et_compromised]"}
{"ts": "2026-07-18T13:06:04Z", "level": "DEBUG", "name": "swiftioc", "msg": "HTTP 200 0.70s https://openphish.com/feed.txt [openphish_feed]"}
{"ts": "2026-07-18T13:06:04Z", "level": "DEBUG", "name": "swiftioc", "msg": "collect et_compromised 578 in 0.29s"}
{"ts": "2026-07-18T13:06:04Z", "level": "DEBUG", "name": "swiftioc", "msg": "summary et_compromised types={'url': 0, 'domain': 0, 'ipv4': 578, 'ipv6': 0, 'ipv4_cidr': 0, 'ipv6_cidr': 0, 'md5': 0, 'sha1': 0, 'sha256': 0, 'sha512': 0, 'cve': 0, 'email': 0, 'btc_address': 0, 'ja3': 0, 'ja3s': 0} tags_top=[('blocklist', 578), ('compromised', 578), ('emerging-threats', 578)]"}
{"ts": "2026-07-18T13:06:04Z", "level": "DEBUG", "name": "swiftioc", "msg": "collect openphish_feed 300 in 0.76s"}
{"ts": "2026-07-18T13:06:04Z", "level": "DEBUG", "name": "swiftioc", "msg": "summary openphish_feed types={'url': 300, 'domain': 0, 'ipv4': 0, 'ipv6': 0, 'ipv4_cidr': 0, 'ipv6_cidr': 0, 'md5': 0, 'sha1': 0, 'sha256': 0, 'sha512': 0, 'cve': 0, 'email': 0, 'btc_address': 0, 'ja3': 0, 'ja3s': 0} tags_top=[('phishing', 300), ('openphish', 300)]"}
{"ts": "2026-07-18T13:06:04Z", "level": "DEBUG", "name": "swiftioc", "msg": "HTTP 200 0.50s https://cinsscore.com/list/ci-badguys.txt [ci_army_list]"}
{"ts": "2026-07-18T13:06:05Z", "level": "DEBUG", "name": "swiftioc", "msg": "HTTP 200 0.18s https://raw.githubusercontent.com/stamparm/ipsum/master/levels/5.txt [ipsum_level5]"}
{"ts": "2026-07-18T13:06:05Z", "level": "DEBUG", "name": "swiftioc", "msg": "collect ipsum_level5 1692 in 0.32s"}
{"ts": "2026-07-18T13:06:05Z", "level": "DEBUG", "name": "swiftioc", "msg": "summary ipsum_level5 types={'url': 0, 'domain': 0, 'ipv4': 1692, 'ipv6': 0, 'ipv4_cidr': 0, 'ipv6_cidr': 0, 'md5': 0, 'sha1': 0, 'sha256': 0, 'sha512': 0, 'cve': 0, 'email': 0, 'btc_address': 0, 'ja3': 0, 'ja3s': 0} tags_top=[('aggregated', 1692), ('blocklist', 1692), ('ipsum', 1692), ('multi-list', 1692)]"}
{"ts": "2026-07-18T13:06:05Z", "level": "DEBUG", "name": "swiftioc", "msg": "HTTP 200 0.80s https://blocklist.greensnow.co/greensnow.txt [greensnow_blocklist]"}
{"ts": "2026-07-18T13:06:05Z", "level": "DEBUG", "name": "swiftioc", "msg": "collect ci_army_list 15000 in 0.91s"}
{"ts": "2026-07-18T13:06:05Z", "level": "DEBUG", "name": "swiftioc", "msg": "collect greensnow_blocklist 3244 in 0.96s"}
{"ts": "2026-07-18T13:06:05Z", "level": "DEBUG", "name": "swiftioc", "msg": "summary ci_army_list types={'url': 0, 'domain': 0, 'ipv4': 15000, 'ipv6': 0, 'ipv4_cidr': 0, 'ipv6_cidr': 0, 'md5': 0, 'sha1': 0, 'sha256': 0, 'sha512': 0, 'cve': 0, 'email': 0, 'btc_address': 0, 'ja3': 0, 'ja3s': 0} tags_top=[('blocklist', 15000), ('cins', 15000), ('scanner', 15000)]"}
{"ts": "2026-07-18T13:06:05Z", "level": "DEBUG", "name": "swiftioc", "msg": "summary greensnow_blocklist types={'url': 0, 'domain': 0, 'ipv4': 3244, 'ipv6': 0, 'ipv4_cidr': 0, 'ipv6_cidr': 0, 'md5': 0, 'sha1': 0, 'sha256': 0, 'sha512': 0, 'cve': 0, 'email': 0, 'btc_address': 0, 'ja3': 0, 'ja3s': 0} tags_top=[('blocklist', 3244), ('greensnow', 3244)]"}
{"ts": "2026-07-18T13:06:05Z", "level": "DEBUG", "name": "swiftioc", "msg": "HTTP 200 0.78s https://www.binarydefense.com/banlist.txt [binarydefense_banlist]"}
{"ts": "2026-07-18T13:06:05Z", "level": "DEBUG", "name": "swiftioc", "msg": "collect binarydefense_banlist 2601 in 0.88s"}
{"ts": "2026-07-18T13:06:05Z", "level": "DEBUG", "name": "swiftioc", "msg": "summary binarydefense_banlist types={'url': 0, 'domain': 0, 'ipv4': 2601, 'ipv6': 0, 'ipv4_cidr': 0, 'ipv6_cidr': 0, 'md5': 0, 'sha1': 0, 'sha256': 0, 'sha512': 0, 'cve': 0, 'email': 0, 'btc_address': 0, 'ja3': 0, 'ja3s': 0} tags_top=[('binarydefense', 2601), ('blocklist', 2601), ('scanner', 2601)]"}
{"ts": "2026-07-18T13:06:05Z", "level": "DEBUG", "name": "swiftioc", "msg": "HTTP 200 1.19s https://check.torproject.org/exit-addresses [tor_exit_nodes]"}
{"ts": "2026-07-18T13:06:05Z", "level": "DEBUG", "name": "swiftioc", "msg": "collect urlhaus_recent_urls 368 in 1.57s"}
{"ts": "2026-07-18T13:06:05Z", "level": "DEBUG", "name": "swiftioc", "msg": "summary urlhaus_recent_urls types={'url': 368, 'domain': 0, 'ipv4': 0, 'ipv6': 0, 'ipv4_cidr': 0, 'ipv6_cidr': 0, 'md5': 0, 'sha1': 0, 'sha256': 0, 'sha512': 0, 'cve': 0, 'email': 0, 'btc_address': 0, 'ja3': 0, 'ja3s': 0} tags_top=[('malware', 368), ('2026-07-18 06:27:25', 3), ('2026-07-18 11:57:19', 2), ('2026-07-18 12:24:31', 2), ('2026-07-18 09:25:18', 2)]"}
{"ts": "2026-07-18T13:06:05Z", "level": "DEBUG", "name": "swiftioc", "msg": "collect tor_exit_nodes 1423 in 1.37s"}
{"ts": "2026-07-18T13:06:05Z", "level": "DEBUG", "name": "swiftioc", "msg": "summary tor_exit_nodes types={'url': 0, 'domain': 0, 'ipv4': 1423, 'ipv6': 0, 'ipv4_cidr': 0, 'ipv6_cidr': 0, 'md5': 0, 'sha1': 0, 'sha256': 0, 'sha512': 0, 'cve': 0, 'email': 0, 'btc_address': 0, 'ja3': 0, 'ja3s': 0} tags_top=[('blocklist', 1423), ('exit-node', 1423), ('tor', 1423)]"}
{"ts": "2026-07-18T13:06:05Z", "level": "DEBUG", "name": "swiftioc", "msg": "HTTP 200 1.78s https://services.nvd.nist.gov/rest/json/cves/2.0/?resultsPerPage=200&lastModStartDate=2026-07-16T13%3A06%3A04.000&lastModEndDate=2026-07-18T13%3A06%3A04.000 [nist_nvd_recent]"}
{"ts": "2026-07-18T13:06:05Z", "level": "DEBUG", "name": "swiftioc", "msg": "collect nist_nvd_recent 0 in 1.86s"}
{"ts": "2026-07-18T13:06:05Z", "level": "DEBUG", "name": "swiftioc", "msg": "summary nist_nvd_recent types={'url': 0, 'domain': 0, 'ipv4': 0, 'ipv6': 0, 'ipv4_cidr': 0, 'ipv6_cidr': 0, 'md5': 0, 'sha1': 0, 'sha256': 0, 'sha512': 0, 'cve': 0, 'email': 0, 'btc_address': 0, 'ja3': 0, 'ja3s': 0} tags_top=[]"}
{"ts": "2026-07-18T13:06:07Z", "level": "INFO", "name": "swiftioc", "msg": "Persisted feed: carried forward 1849 indicators from previous run"}
{"ts": "2026-07-18T13:06:09Z", "level": "INFO", "name": "swiftioc", "msg": "Retained top 10000 indicators (pruned 22586 over --max-store)"}
{"ts": "2026-07-18T13:06:10Z", "level": "INFO", "name": "swiftioc", "msg": "High-confidence feed: 7150 of 10000 indicators (score>=80 or 2+ sources)"}
{"ts": "2026-07-18T13:06:10Z", "level": "INFO", "name": "swiftioc", "msg": "Dashboard feed: top 1000 rows written"}
{"ts": "2026-07-18T13:06:11Z", "level": "INFO", "name": "swiftioc", "msg": "MISP feed: 7150 attributes in public/misp"}
{"ts": "2026-07-18T13:06:11Z", "level": "INFO", "name": "swiftioc", "msg": "RSS feed: 50 items written"}
{"ts": "2026-07-18T13:06:11Z", "level": "INFO", "name": "swiftioc", "msg": "Wrote 10000 indicators to public/iocs"}
{"ts": "2026-07-18T13:06:11Z", "level": "INFO", "name": "swiftioc", "msg": "Per-source counts: {'cisa_kev': 1647, 'nist_nvd_recent': 0, 'urlhaus_recent_urls': 368, 'malwarebazaar_recent': 782, 'threatfox_export_json': 795, 'feodo_ipblocklist': 5, 'sslbl_ja3': 97, 'openphish_feed': 300, 'blocklist_de_ssh': 5331, 'greensnow_blocklist': 3244, 'ci_army_list': 15000, 'tor_exit_nodes': 1423, 'et_compromised': 578, 'binarydefense_banlist': 2601, 'ipsum_level5': 1692}"}
{"ts": "2026-07-18T16:54:30Z", "level": "DEBUG", "name": "swiftioc", "msg": "HTTP 200 0.12s https://sslbl.abuse.ch/blacklist/ja3_fingerprints.csv [sslbl_ja3]"}
{"ts": "2026-07-18T16:54:30Z", "level": "DEBUG", "name": "swiftioc", "msg": "collect sslbl_ja3 97 in 0.13s"}
{"ts": "2026-07-18T16:54:30Z", "level": "DEBUG", "name": "swiftioc", "msg": "summary sslbl_ja3 types={'url': 0, 'domain': 0, 'ipv4': 0, 'ipv6': 0, 'ipv4_cidr': 0, 'ipv6_cidr': 0, 'md5': 0, 'sha1': 0, 'sha256': 0, 'sha512': 0, 'cve': 0, 'email': 0, 'btc_address': 0, 'ja3': 97, 'ja3s': 0} tags_top=[('sslbl', 97), ('tls', 97), ('fingerprint', 97), ('Tofsee', 45), ('Adware', 24)]"}
{"ts": "2026-07-18T16:54:30Z", "level": "DEBUG", "name": "swiftioc", "msg": "HTTP 200 0.14s https://feodotracker.abuse.ch/downloads/ipblocklist.csv [feodo_ipblocklist]"}
{"ts": "2026-07-18T16:54:30Z", "level": "DEBUG", "name": "swiftioc", "msg": "collect feodo_ipblocklist 5 in 0.14s"}
{"ts": "2026-07-18T16:54:30Z", "level": "DEBUG", "name": "swiftioc", "msg": "summary feodo_ipblocklist types={'url': 0, 'domain': 0, 'ipv4': 5, 'ipv6': 0, 'ipv4_cidr': 0, 'ipv6_cidr': 0, 'md5': 0, 'sha1': 0, 'sha256': 0, 'sha512': 0, 'cve': 0, 'email': 0, 'btc_address': 0, 'ja3': 0, 'ja3s': 0} tags_top=[('feodo', 5), ('c2', 5), ('QakBot', 4), ('Emotet', 1)]"}
{"ts": "2026-07-18T16:54:30Z", "level": "DEBUG", "name": "swiftioc", "msg": "HTTP 200 0.16s https://threatfox.abuse.ch/export/json/recent/ [threatfox_export_json]"}
{"ts": "2026-07-18T16:54:31Z", "level": "DEBUG", "name": "swiftioc", "msg": "collect threatfox_export_json 793 in 0.39s"}
{"ts": "2026-07-18T16:54:31Z", "level": "DEBUG", "name": "swiftioc", "msg": "summary threatfox_export_json types={'url': 242, 'domain': 297, 'ipv4': 197, 'ipv6': 0, 'ipv4_cidr': 0, 'ipv6_cidr': 0, 'md5': 19, 'sha1': 19, 'sha256': 19, 'sha512': 0, 'cve': 0, 'email': 0, 'btc_address': 0, 'ja3': 0, 'ja3s': 0} tags_top=[('threatfox', 793), ('ClickFix', 266), ('JokerStat', 251), ('TDS', 251), ('ClearFake', 200)]"}
{"ts": "2026-07-18T16:54:31Z", "level": "DEBUG", "name": "swiftioc", "msg": "HTTP 200 0.26s https://lists.blocklist.de/lists/ssh.txt [blocklist_de_ssh]"}
{"ts": "2026-07-18T16:54:31Z", "level": "DEBUG", "name": "swiftioc", "msg": "HTTP 200 0.41s https://www.cisa.gov/sites/default/files/feeds/known_exploited_vulnerabilities.json [cisa_kev]"}
{"ts": "2026-07-18T16:54:31Z", "level": "DEBUG", "name": "swiftioc", "msg": "collect blocklist_de_ssh 5402 in 0.39s"}
{"ts": "2026-07-18T16:54:31Z", "level": "DEBUG", "name": "swiftioc", "msg": "HTTP 200 0.53s https://bazaar.abuse.ch/export/csv/recent/ [malwarebazaar_recent]"}
{"ts": "2026-07-18T16:54:31Z", "level": "DEBUG", "name": "swiftioc", "msg": "summary blocklist_de_ssh types={'url': 0, 'domain': 0, 'ipv4': 5400, 'ipv6': 2, 'ipv4_cidr': 0, 'ipv6_cidr': 0, 'md5': 0, 'sha1': 0, 'sha256': 0, 'sha512': 0, 'cve': 0, 'email': 0, 'btc_address': 0, 'ja3': 0, 'ja3s': 0} tags_top=[('blocklist', 5402), ('bruteforce', 5402), ('ssh', 5402)]"}
{"ts": "2026-07-18T16:54:31Z", "level": "DEBUG", "name": "swiftioc", "msg": "collect cisa_kev 1647 in 0.56s"}
{"ts": "2026-07-18T16:54:31Z", "level": "DEBUG", "name": "swiftioc", "msg": "summary cisa_kev types={'url': 0, 'domain': 0, 'ipv4': 0, 'ipv6': 0, 'ipv4_cidr': 0, 'ipv6_cidr': 0, 'md5': 0, 'sha1': 0, 'sha256': 0, 'sha512': 0, 'cve': 1647, 'email': 0, 'btc_address': 0, 'ja3': 0, 'ja3s': 0} tags_top=[('cve', 1647), ('exploited-in-the-wild', 1647)]"}
{"ts": "2026-07-18T16:54:31Z", "level": "DEBUG", "name": "swiftioc", "msg": "collect malwarebazaar_recent 759 in 0.62s"}
{"ts": "2026-07-18T16:54:31Z", "level": "DEBUG", "name": "swiftioc", "msg": "summary malwarebazaar_recent types={'url': 0, 'domain': 0, 'ipv4': 0, 'ipv6': 0, 'ipv4_cidr': 0, 'ipv6_cidr': 0, 'md5': 0, 'sha1': 0, 'sha256': 759, 'sha512': 0, 'cve': 0, 'email': 0, 'btc_address': 0, 'ja3': 0, 'ja3s': 0} tags_top=[('malware', 759), ('Mirai', 415), ('Gafgyt', 16), ('Efimer', 16), ('Vidar', 12)]"}
{"ts": "2026-07-18T16:54:31Z", "level": "DEBUG", "name": "swiftioc", "msg": "HTTP 200 0.66s https://urlhaus.abuse.ch/downloads/csv_recent/ [urlhaus_recent_urls]"}
{"ts": "2026-07-18T16:54:31Z", "level": "DEBUG", "name": "swiftioc", "msg": "HTTP 200 0.86s https://openphish.com/feed.txt [openphish_feed]"}
{"ts": "2026-07-18T16:54:31Z", "level": "DEBUG", "name": "swiftioc", "msg": "collect openphish_feed 300 in 0.87s"}
{"ts": "2026-07-18T16:54:31Z", "level": "DEBUG", "name": "swiftioc", "msg": "summary openphish_feed types={'url': 300, 'domain': 0, 'ipv4': 0, 'ipv6': 0, 'ipv4_cidr': 0, 'ipv6_cidr': 0, 'md5': 0, 'sha1': 0, 'sha256': 0, 'sha512': 0, 'cve': 0, 'email': 0, 'btc_address': 0, 'ja3': 0, 'ja3s': 0} tags_top=[('phishing', 300), ('openphish', 300)]"}
{"ts": "2026-07-18T16:54:31Z", "level": "DEBUG", "name": "swiftioc", "msg": "HTTP 200 0.50s https://cinsscore.com/list/ci-badguys.txt [ci_army_list]"}
{"ts": "2026-07-18T16:54:31Z", "level": "DEBUG", "name": "swiftioc", "msg": "HTTP 200 0.46s https://rules.emergingthreats.net/blockrules/compromised-ips.txt [et_compromised]"}
{"ts": "2026-07-18T16:54:31Z", "level": "DEBUG", "name": "swiftioc", "msg": "collect et_compromised 578 in 0.52s"}
{"ts": "2026-07-18T16:54:31Z", "level": "DEBUG", "name": "swiftioc", "msg": "summary et_compromised types={'url': 0, 'domain': 0, 'ipv4': 578, 'ipv6': 0, 'ipv4_cidr': 0, 'ipv6_cidr': 0, 'md5': 0, 'sha1': 0, 'sha256': 0, 'sha512': 0, 'cve': 0, 'email': 0, 'btc_address': 0, 'ja3': 0, 'ja3s': 0} tags_top=[('blocklist', 578), ('compromised', 578), ('emerging-threats', 578)]"}
{"ts": "2026-07-18T16:54:31Z", "level": "DEBUG", "name": "swiftioc", "msg": "HTTP 200 0.26s https://raw.githubusercontent.com/stamparm/ipsum/master/levels/5.txt [ipsum_level5]"}
{"ts": "2026-07-18T16:54:31Z", "level": "DEBUG", "name": "swiftioc", "msg": "HTTP 200 1.05s https://blocklist.greensnow.co/greensnow.txt [greensnow_blocklist]"}
{"ts": "2026-07-18T16:54:31Z", "level": "DEBUG", "name": "swiftioc", "msg": "collect ipsum_level5 1692 in 0.33s"}
{"ts": "2026-07-18T16:54:31Z", "level": "DEBUG", "name": "swiftioc", "msg": "summary ipsum_level5 types={'url': 0, 'domain': 0, 'ipv4': 1692, 'ipv6': 0, 'ipv4_cidr': 0, 'ipv6_cidr': 0, 'md5': 0, 'sha1': 0, 'sha256': 0, 'sha512': 0, 'cve': 0, 'email': 0, 'btc_address': 0, 'ja3': 0, 'ja3s': 0} tags_top=[('aggregated', 1692), ('blocklist', 1692), ('ipsum', 1692), ('multi-list', 1692)]"}
{"ts": "2026-07-18T16:54:32Z", "level": "DEBUG", "name": "swiftioc", "msg": "collect greensnow_blocklist 3183 in 1.28s"}
{"ts": "2026-07-18T16:54:32Z", "level": "DEBUG", "name": "swiftioc", "msg": "summary greensnow_blocklist types={'url': 0, 'domain': 0, 'ipv4': 3183, 'ipv6': 0, 'ipv4_cidr': 0, 'ipv6_cidr': 0, 'md5': 0, 'sha1': 0, 'sha256': 0, 'sha512': 0, 'cve': 0, 'email': 0, 'btc_address': 0, 'ja3': 0, 'ja3s': 0} tags_top=[('blocklist', 3183), ('greensnow', 3183)]"}
{"ts": "2026-07-18T16:54:32Z", "level": "DEBUG", "name": "swiftioc", "msg": "collect ci_army_list 15000 in 1.04s"}
{"ts": "2026-07-18T16:54:32Z", "level": "DEBUG", "name": "swiftioc", "msg": "summary ci_army_list types={'url': 0, 'domain': 0, 'ipv4': 15000, 'ipv6': 0, 'ipv4_cidr': 0, 'ipv6_cidr': 0, 'md5': 0, 'sha1': 0, 'sha256': 0, 'sha512': 0, 'cve': 0, 'email': 0, 'btc_address': 0, 'ja3': 0, 'ja3s': 0} tags_top=[('blocklist', 15000), ('cins', 15000), ('scanner', 15000)]"}
{"ts": "2026-07-18T16:54:32Z", "level": "DEBUG", "name": "swiftioc", "msg": "HTTP 200 0.88s https://www.binarydefense.com/banlist.txt [binarydefense_banlist]"}
{"ts": "2026-07-18T16:54:32Z", "level": "DEBUG", "name": "swiftioc", "msg": "collect binarydefense_banlist 2601 in 0.95s"}
{"ts": "2026-07-18T16:54:32Z", "level": "DEBUG", "name": "swiftioc", "msg": "summary binarydefense_banlist types={'url': 0, 'domain': 0, 'ipv4': 2601, 'ipv6': 0, 'ipv4_cidr': 0, 'ipv6_cidr': 0, 'md5': 0, 'sha1': 0, 'sha256': 0, 'sha512': 0, 'cve': 0, 'email': 0, 'btc_address': 0, 'ja3': 0, 'ja3s': 0} tags_top=[('binarydefense', 2601), ('blocklist', 2601), ('scanner', 2601)]"}
{"ts": "2026-07-18T16:54:32Z", "level": "DEBUG", "name": "swiftioc", "msg": "HTTP 200 1.28s https://check.torproject.org/exit-addresses [tor_exit_nodes]"}
{"ts": "2026-07-18T16:54:32Z", "level": "DEBUG", "name": "swiftioc", "msg": "collect urlhaus_recent_urls 375 in 2.26s"}
{"ts": "2026-07-18T16:54:32Z", "level": "DEBUG", "name": "swiftioc", "msg": "summary urlhaus_recent_urls types={'url': 375, 'domain': 0, 'ipv4': 0, 'ipv6': 0, 'ipv4_cidr': 0, 'ipv6_cidr': 0, 'md5': 0, 'sha1': 0, 'sha256': 0, 'sha512': 0, 'cve': 0, 'email': 0, 'btc_address': 0, 'ja3': 0, 'ja3s': 0} tags_top=[('malware', 375), ('2026-07-18 13:25:09', 3), ('2026-07-18 16:16:24', 2), ('2026-07-18 11:57:19', 2), ('2026-07-18 12:24:31', 2)]"}
{"ts": "2026-07-18T16:54:32Z", "level": "DEBUG", "name": "swiftioc", "msg": "collect tor_exit_nodes 1424 in 1.72s"}
{"ts": "2026-07-18T16:54:32Z", "level": "DEBUG", "name": "swiftioc", "msg": "summary tor_exit_nodes types={'url': 0, 'domain': 0, 'ipv4': 1424, 'ipv6': 0, 'ipv4_cidr': 0, 'ipv6_cidr': 0, 'md5': 0, 'sha1': 0, 'sha256': 0, 'sha512': 0, 'cve': 0, 'email': 0, 'btc_address': 0, 'ja3': 0, 'ja3s': 0} tags_top=[('blocklist', 1424), ('exit-node', 1424), ('tor', 1424)]"}
{"ts": "2026-07-18T16:54:32Z", "level": "DEBUG", "name": "swiftioc", "msg": "HTTP 200 2.29s https://services.nvd.nist.gov/rest/json/cves/2.0/?resultsPerPage=200&lastModStartDate=2026-07-16T16%3A54%3A30.000&lastModEndDate=2026-07-18T16%3A54%3A30.000 [nist_nvd_recent]"}
{"ts": "2026-07-18T16:54:33Z", "level": "DEBUG", "name": "swiftioc", "msg": "collect nist_nvd_recent 0 in 2.37s"}
{"ts": "2026-07-18T16:54:33Z", "level": "DEBUG", "name": "swiftioc", "msg": "summary nist_nvd_recent types={'url': 0, 'domain': 0, 'ipv4': 0, 'ipv6': 0, 'ipv4_cidr': 0, 'ipv6_cidr': 0, 'md5': 0, 'sha1': 0, 'sha256': 0, 'sha512': 0, 'cve': 0, 'email': 0, 'btc_address': 0, 'ja3': 0, 'ja3s': 0} tags_top=[]"}
{"ts": "2026-07-18T16:54:34Z", "level": "INFO", "name": "swiftioc", "msg": "Persisted feed: carried forward 1818 indicators from previous run"}
{"ts": "2026-07-18T16:54:38Z", "level": "INFO", "name": "swiftioc", "msg": "Retained top 10000 indicators (pruned 22605 over --max-store)"}
{"ts": "2026-07-18T16:54:39Z", "level": "INFO", "name": "swiftioc", "msg": "High-confidence feed: 7181 of 10000 indicators (score>=80 or 2+ sources)"}
{"ts": "2026-07-18T16:54:39Z", "level": "INFO", "name": "swiftioc", "msg": "Dashboard feed: top 1000 rows written"}
{"ts": "2026-07-18T16:54:39Z", "level": "INFO", "name": "swiftioc", "msg": "MISP feed: 7181 attributes in public/misp"}
{"ts": "2026-07-18T16:54:39Z", "level": "INFO", "name": "swiftioc", "msg": "RSS feed: 50 items written"}
{"ts": "2026-07-18T16:54:40Z", "level": "INFO", "name": "swiftioc", "msg": "Wrote 10000 indicators to public/iocs"}
{"ts": "2026-07-18T16:54:40Z", "level": "INFO", "name": "swiftioc", "msg": "Per-source counts: {'cisa_kev': 1647, 'nist_nvd_recent': 0, 'urlhaus_recent_urls': 375, 'malwarebazaar_recent': 759, 'threatfox_export_json': 793, 'feodo_ipblocklist': 5, 'sslbl_ja3': 97, 'openphish_feed': 300, 'blocklist_de_ssh': 5402, 'greensnow_blocklist': 3183, 'ci_army_list': 15000, 'tor_exit_nodes': 1424, 'et_compromised': 578, 'binarydefense_banlist': 2601, 'ipsum_level5': 1692}"}
{"ts": "2026-07-18T20:43:37Z", "level": "DEBUG", "name": "swiftioc", "msg": "HTTP 200 0.09s https://bazaar.abuse.ch/export/csv/recent/ [malwarebazaar_recent]"}
{"ts": "2026-07-18T20:43:37Z", "level": "DEBUG", "name": "swiftioc", "msg": "collect malwarebazaar_recent 786 in 0.17s"}
{"ts": "2026-07-18T20:43:37Z", "level": "DEBUG", "name": "swiftioc", "msg": "summary malwarebazaar_recent types={'url': 0, 'domain': 0, 'ipv4': 0, 'ipv6': 0, 'ipv4_cidr': 0, 'ipv6_cidr': 0, 'md5': 0, 'sha1': 0, 'sha256': 786, 'sha512': 0, 'cve': 0, 'email': 0, 'btc_address': 0, 'ja3': 0, 'ja3s': 0} tags_top=[('malware', 786), ('Mirai', 413), ('Efimer', 43), ('RemusStealer', 19), ('Prometei', 17)]"}
{"ts": "2026-07-18T20:43:37Z", "level": "DEBUG", "name": "swiftioc", "msg": "HTTP 200 0.17s https://sslbl.abuse.ch/blacklist/ja3_fingerprints.csv [sslbl_ja3]"}
{"ts": "2026-07-18T20:43:37Z", "level": "DEBUG", "name": "swiftioc", "msg": "collect sslbl_ja3 97 in 0.18s"}
{"ts": "2026-07-18T20:43:37Z", "level": "DEBUG", "name": "swiftioc", "msg": "summary sslbl_ja3 types={'url': 0, 'domain': 0, 'ipv4': 0, 'ipv6': 0, 'ipv4_cidr': 0, 'ipv6_cidr': 0, 'md5': 0, 'sha1': 0, 'sha256': 0, 'sha512': 0, 'cve': 0, 'email': 0, 'btc_address': 0, 'ja3': 97, 'ja3s': 0} tags_top=[('sslbl', 97), ('tls', 97), ('fingerprint', 97), ('Tofsee', 45), ('Adware', 24)]"}
{"ts": "2026-07-18T20:43:37Z", "level": "DEBUG", "name": "swiftioc", "msg": "HTTP 200 0.19s https://www.cisa.gov/sites/default/files/feeds/known_exploited_vulnerabilities.json [cisa_kev]"}
{"ts": "2026-07-18T20:43:37Z", "level": "DEBUG", "name": "swiftioc", "msg": "collect cisa_kev 1647 in 0.26s"}
{"ts": "2026-07-18T20:43:37Z", "level": "DEBUG", "name": "swiftioc", "msg": "summary cisa_kev types={'url': 0, 'domain': 0, 'ipv4': 0, 'ipv6': 0, 'ipv4_cidr': 0, 'ipv6_cidr': 0, 'md5': 0, 'sha1': 0, 'sha256': 0, 'sha512': 0, 'cve': 1647, 'email': 0, 'btc_address': 0, 'ja3': 0, 'ja3s': 0} tags_top=[('cve', 1647), ('exploited-in-the-wild', 1647)]"}
{"ts": "2026-07-18T20:43:37Z", "level": "DEBUG", "name": "swiftioc", "msg": "HTTP 200 0.29s https://feodotracker.abuse.ch/downloads/ipblocklist.csv [feodo_ipblocklist]"}
{"ts": "2026-07-18T20:43:37Z", "level": "DEBUG", "name": "swiftioc", "msg": "collect feodo_ipblocklist 5 in 0.29s"}
{"ts": "2026-07-18T20:43:37Z", "level": "DEBUG", "name": "swiftioc", "msg": "summary feodo_ipblocklist types={'url': 0, 'domain': 0, 'ipv4': 5, 'ipv6': 0, 'ipv4_cidr': 0, 'ipv6_cidr': 0, 'md5': 0, 'sha1': 0, 'sha256': 0, 'sha512': 0, 'cve': 0, 'email': 0, 'btc_address': 0, 'ja3': 0, 'ja3s': 0} tags_top=[('feodo', 5), ('c2', 5), ('QakBot', 4), ('Emotet', 1)]"}
{"ts": "2026-07-18T20:43:37Z", "level": "DEBUG", "name": "swiftioc", "msg": "HTTP 200 0.20s https://lists.blocklist.de/lists/ssh.txt [blocklist_de_ssh]"}
{"ts": "2026-07-18T20:43:37Z", "level": "DEBUG", "name": "swiftioc", "msg": "collect blocklist_de_ssh 5456 in 0.27s"}
{"ts": "2026-07-18T20:43:37Z", "level": "DEBUG", "name": "swiftioc", "msg": "summary blocklist_de_ssh types={'url': 0, 'domain': 0, 'ipv4': 5454, 'ipv6': 2, 'ipv4_cidr': 0, 'ipv6_cidr': 0, 'md5': 0, 'sha1': 0, 'sha256': 0, 'sha512': 0, 'cve': 0, 'email': 0, 'btc_address': 0, 'ja3': 0, 'ja3s': 0} tags_top=[('blocklist', 5456), ('bruteforce', 5456), ('ssh', 5456)]"}
{"ts": "2026-07-18T20:43:37Z", "level": "DEBUG", "name": "swiftioc", "msg": "HTTP 200 0.46s https://threatfox.abuse.ch/export/json/recent/ [threatfox_export_json]"}
{"ts": "2026-07-18T20:43:38Z", "level": "DEBUG", "name": "swiftioc", "msg": "HTTP 200 0.39s https://cinsscore.com/list/ci-badguys.txt [ci_army_list]"}
{"ts": "2026-07-18T20:43:38Z", "level": "DEBUG", "name": "swiftioc", "msg": "collect threatfox_export_json 884 in 0.74s"}
{"ts": "2026-07-18T20:43:38Z", "level": "DEBUG", "name": "swiftioc", "msg": "summary threatfox_export_json types={'url': 249, 'domain': 323, 'ipv4': 210, 'ipv6': 0, 'ipv4_cidr': 0, 'ipv6_cidr': 0, 'md5': 34, 'sha1': 34, 'sha256': 34, 'sha512': 0, 'cve': 0, 'email': 0, 'btc_address': 0, 'ja3': 0, 'ja3s': 0} tags_top=[('threatfox', 884), ('ClickFix', 277), ('JokerStat', 251), ('TDS', 251), ('ClearFake', 197)]"}
{"ts": "2026-07-18T20:43:38Z", "level": "DEBUG", "name": "swiftioc", "msg": "HTTP 200 0.39s https://rules.emergingthreats.net/blockrules/compromised-ips.txt [et_compromised]"}
{"ts": "2026-07-18T20:43:38Z", "level": "DEBUG", "name": "swiftioc", "msg": "HTTP 200 0.87s https://openphish.com/feed.txt [openphish_feed]"}
{"ts": "2026-07-18T20:43:38Z", "level": "DEBUG", "name": "swiftioc", "msg": "collect et_compromised 578 in 0.43s"}
{"ts": "2026-07-18T20:43:38Z", "level": "DEBUG", "name": "swiftioc", "msg": "summary et_compromised types={'url': 0, 'domain': 0, 'ipv4': 578, 'ipv6': 0, 'ipv4_cidr': 0, 'ipv6_cidr': 0, 'md5': 0, 'sha1': 0, 'sha256': 0, 'sha512': 0, 'cve': 0, 'email': 0, 'btc_address': 0, 'ja3': 0, 'ja3s': 0} tags_top=[('blocklist', 578), ('compromised', 578), ('emerging-threats', 578)]"}
{"ts": "2026-07-18T20:43:38Z", "level": "DEBUG", "name": "swiftioc", "msg": "collect openphish_feed 300 in 0.88s"}
{"ts": "2026-07-18T20:43:38Z", "level": "DEBUG", "name": "swiftioc", "msg": "summary openphish_feed types={'url': 300, 'domain': 0, 'ipv4': 0, 'ipv6': 0, 'ipv4_cidr': 0, 'ipv6_cidr': 0, 'md5': 0, 'sha1': 0, 'sha256': 0, 'sha512': 0, 'cve': 0, 'email': 0, 'btc_address': 0, 'ja3': 0, 'ja3s': 0} tags_top=[('phishing', 300), ('openphish', 300)]"}
{"ts": "2026-07-18T20:43:38Z", "level": "DEBUG", "name": "swiftioc", "msg": "collect ci_army_list 15000 in 0.64s"}
{"ts": "2026-07-18T20:43:38Z", "level": "DEBUG", "name": "swiftioc", "msg": "summary ci_army_list types={'url': 0, 'domain': 0, 'ipv4': 15000, 'ipv6': 0, 'ipv4_cidr': 0, 'ipv6_cidr': 0, 'md5': 0, 'sha1': 0, 'sha256': 0, 'sha512': 0, 'cve': 0, 'email': 0, 'btc_address': 0, 'ja3': 0, 'ja3s': 0} tags_top=[('blocklist', 15000), ('cins', 15000), ('scanner', 15000)]"}
{"ts": "2026-07-18T20:43:38Z", "level": "DEBUG", "name": "swiftioc", "msg": "HTTP 200 0.05s https://raw.githubusercontent.com/stamparm/ipsum/master/levels/5.txt [ipsum_level5]"}
{"ts": "2026-07-18T20:43:38Z", "level": "DEBUG", "name": "swiftioc", "msg": "HTTP 200 0.94s https://urlhaus.abuse.ch/downloads/csv_recent/ [urlhaus_recent_urls]"}
{"ts": "2026-07-18T20:43:38Z", "level": "DEBUG", "name": "swiftioc", "msg": "collect ipsum_level5 1692 in 0.08s"}
{"ts": "2026-07-18T20:43:38Z", "level": "DEBUG", "name": "swiftioc", "msg": "summary ipsum_level5 types={'url': 0, 'domain': 0, 'ipv4': 1692, 'ipv6': 0, 'ipv4_cidr': 0, 'ipv6_cidr': 0, 'md5': 0, 'sha1': 0, 'sha256': 0, 'sha512': 0, 'cve': 0, 'email': 0, 'btc_address': 0, 'ja3': 0, 'ja3s': 0} tags_top=[('aggregated', 1692), ('blocklist', 1692), ('ipsum', 1692), ('multi-list', 1692)]"}
{"ts": "2026-07-18T20:43:38Z", "level": "DEBUG", "name": "swiftioc", "msg": "HTTP 200 0.92s https://blocklist.greensnow.co/greensnow.txt [greensnow_blocklist]"}
{"ts": "2026-07-18T20:43:38Z", "level": "DEBUG", "name": "swiftioc", "msg": "collect greensnow_blocklist 3122 in 0.99s"}
{"ts": "2026-07-18T20:43:38Z", "level": "DEBUG", "name": "swiftioc", "msg": "summary greensnow_blocklist types={'url': 0, 'domain': 0, 'ipv4': 3122, 'ipv6': 0, 'ipv4_cidr': 0, 'ipv6_cidr': 0, 'md5': 0, 'sha1': 0, 'sha256': 0, 'sha512': 0, 'cve': 0, 'email': 0, 'btc_address': 0, 'ja3': 0, 'ja3s': 0} tags_top=[('blocklist', 3122), ('greensnow', 3122)]"}
{"ts": "2026-07-18T20:43:38Z", "level": "DEBUG", "name": "swiftioc", "msg": "HTTP 200 0.73s https://www.binarydefense.com/banlist.txt [binarydefense_banlist]"}
{"ts": "2026-07-18T20:43:38Z", "level": "DEBUG", "name": "swiftioc", "msg": "collect binarydefense_banlist 2601 in 0.81s"}
{"ts": "2026-07-18T20:43:38Z", "level": "DEBUG", "name": "swiftioc", "msg": "summary binarydefense_banlist types={'url': 0, 'domain': 0, 'ipv4': 2601, 'ipv6': 0, 'ipv4_cidr': 0, 'ipv6_cidr': 0, 'md5': 0, 'sha1': 0, 'sha256': 0, 'sha512': 0, 'cve': 0, 'email': 0, 'btc_address': 0, 'ja3': 0, 'ja3s': 0} tags_top=[('binarydefense', 2601), ('blocklist', 2601), ('scanner', 2601)]"}
{"ts": "2026-07-18T20:43:39Z", "level": "DEBUG", "name": "swiftioc", "msg": "HTTP 200 1.32s https://check.torproject.org/exit-addresses [tor_exit_nodes]"}
{"ts": "2026-07-18T20:43:39Z", "level": "DEBUG", "name": "swiftioc", "msg": "collect tor_exit_nodes 1424 in 1.73s"}
{"ts": "2026-07-18T20:43:39Z", "level": "DEBUG", "name": "swiftioc", "msg": "summary tor_exit_nodes types={'url': 0, 'domain': 0, 'ipv4': 1424, 'ipv6': 0, 'ipv4_cidr': 0, 'ipv6_cidr': 0, 'md5': 0, 'sha1': 0, 'sha256': 0, 'sha512': 0, 'cve': 0, 'email': 0, 'btc_address': 0, 'ja3': 0, 'ja3s': 0} tags_top=[('blocklist', 1424), ('exit-node', 1424), ('tor', 1424)]"}
{"ts": "2026-07-18T20:43:39Z", "level": "DEBUG", "name": "swiftioc", "msg": "collect urlhaus_recent_urls 385 in 2.24s"}
{"ts": "2026-07-18T20:43:39Z", "level": "DEBUG", "name": "swiftioc", "msg": "summary urlhaus_recent_urls types={'url': 385, 'domain': 0, 'ipv4': 0, 'ipv6': 0, 'ipv4_cidr': 0, 'ipv6_cidr': 0, 'md5': 0, 'sha1': 0, 'sha256': 0, 'sha512': 0, 'cve': 0, 'email': 0, 'btc_address': 0, 'ja3': 0, 'ja3s': 0} tags_top=[('malware', 385), ('2026-07-18 18:41:16', 6), ('2026-07-18 18:10:18', 5), ('2026-07-18 18:57:17', 4), ('2026-07-18 19:13:16', 3)]"}
{"ts": "2026-07-18T20:43:39Z", "level": "DEBUG", "name": "swiftioc", "msg": "HTTP 200 2.25s https://services.nvd.nist.gov/rest/json/cves/2.0/?resultsPerPage=200&lastModStartDate=2026-07-16T20%3A43%3A37.000&lastModEndDate=2026-07-18T20%3A43%3A37.000 [nist_nvd_recent]"}
{"ts": "2026-07-18T20:43:39Z", "level": "DEBUG", "name": "swiftioc", "msg": "collect nist_nvd_recent 0 in 2.33s"}
{"ts": "2026-07-18T20:43:39Z", "level": "DEBUG", "name": "swiftioc", "msg": "summary nist_nvd_recent types={'url': 0, 'domain': 0, 'ipv4': 0, 'ipv6': 0, 'ipv4_cidr': 0, 'ipv6_cidr': 0, 'md5': 0, 'sha1': 0, 'sha256': 0, 'sha512': 0, 'cve': 0, 'email': 0, 'btc_address': 0, 'ja3': 0, 'ja3s': 0} tags_top=[]"}
{"ts": "2026-07-18T20:43:41Z", "level": "INFO", "name": "swiftioc", "msg": "Persisted feed: carried forward 1868 indicators from previous run"}
{"ts": "2026-07-18T20:43:44Z", "level": "INFO", "name": "swiftioc", "msg": "Retained top 10000 indicators (pruned 22777 over --max-store)"}
{"ts": "2026-07-18T20:43:45Z", "level": "INFO", "name": "swiftioc", "msg": "High-confidence feed: 7344 of 10000 indicators (score>=80 or 2+ sources)"}
{"ts": "2026-07-18T20:43:45Z", "level": "INFO", "name": "swiftioc", "msg": "Dashboard feed: top 1000 rows written"}
{"ts": "2026-07-18T20:43:46Z", "level": "INFO", "name": "swiftioc", "msg": "MISP feed: 7344 attributes in public/misp"}
{"ts": "2026-07-18T20:43:46Z", "level": "INFO", "name": "swiftioc", "msg": "RSS feed: 50 items written"}
{"ts": "2026-07-18T20:43:46Z", "level": "INFO", "name": "swiftioc", "msg": "Wrote 10000 indicators to public/iocs"}
{"ts": "2026-07-18T20:43:46Z", "level": "INFO", "name": "swiftioc", "msg": "Per-source counts: {'cisa_kev': 1647, 'nist_nvd_recent': 0, 'urlhaus_recent_urls': 385, 'malwarebazaar_recent': 786, 'threatfox_export_json': 884, 'feodo_ipblocklist': 5, 'sslbl_ja3': 97, 'openphish_feed': 300, 'blocklist_de_ssh': 5456, 'greensnow_blocklist': 3122, 'ci_army_list': 15000, 'tor_exit_nodes': 1424, 'et_compromised': 578, 'binarydefense_banlist': 2601, 'ipsum_level5': 1692}"}
{"ts": "2026-07-19T02:11:45Z", "level": "DEBUG", "name": "swiftioc", "msg": "HTTP 200 0.11s https://sslbl.abuse.ch/blacklist/ja3_fingerprints.csv [sslbl_ja3]"}
{"ts": "2026-07-19T02:11:45Z", "level": "DEBUG", "name": "swiftioc", "msg": "collect sslbl_ja3 97 in 0.12s"}
{"ts": "2026-07-19T02:11:45Z", "level": "DEBUG", "name": "swiftioc", "msg": "summary sslbl_ja3 types={'url': 0, 'domain': 0, 'ipv4': 0, 'ipv6': 0, 'ipv4_cidr': 0, 'ipv6_cidr': 0, 'md5': 0, 'sha1': 0, 'sha256': 0, 'sha512': 0, 'cve': 0, 'email': 0, 'btc_address': 0, 'ja3': 97, 'ja3s': 0} tags_top=[('sslbl', 97), ('tls', 97), ('fingerprint', 97), ('Tofsee', 45), ('Adware', 24)]"}
{"ts": "2026-07-19T02:11:45Z", "level": "DEBUG", "name": "swiftioc", "msg": "HTTP 200 0.14s https://bazaar.abuse.ch/export/csv/recent/ [malwarebazaar_recent]"}
{"ts": "2026-07-19T02:11:45Z", "level": "DEBUG", "name": "swiftioc", "msg": "collect malwarebazaar_recent 692 in 0.23s"}
{"ts": "2026-07-19T02:11:45Z", "level": "DEBUG", "name": "swiftioc", "msg": "summary malwarebazaar_recent types={'url': 0, 'domain': 0, 'ipv4': 0, 'ipv6': 0, 'ipv4_cidr': 0, 'ipv6_cidr': 0, 'md5': 0, 'sha1': 0, 'sha256': 692, 'sha512': 0, 'cve': 0, 'email': 0, 'btc_address': 0, 'ja3': 0, 'ja3s': 0} tags_top=[('malware', 692), ('Mirai', 320), ('Efimer', 37), ('RemusStealer', 21), ('Prometei', 17)]"}
{"ts": "2026-07-19T02:11:45Z", "level": "DEBUG", "name": "swiftioc", "msg": "HTTP 200 0.23s https://feodotracker.abuse.ch/downloads/ipblocklist.csv [feodo_ipblocklist]"}
{"ts": "2026-07-19T02:11:45Z", "level": "DEBUG", "name": "swiftioc", "msg": "collect feodo_ipblocklist 5 in 0.23s"}
{"ts": "2026-07-19T02:11:45Z", "level": "DEBUG", "name": "swiftioc", "msg": "summary feodo_ipblocklist types={'url': 0, 'domain': 0, 'ipv4': 5, 'ipv6': 0, 'ipv4_cidr': 0, 'ipv6_cidr': 0, 'md5': 0, 'sha1': 0, 'sha256': 0, 'sha512': 0, 'cve': 0, 'email': 0, 'btc_address': 0, 'ja3': 0, 'ja3s': 0} tags_top=[('feodo', 5), ('c2', 5), ('QakBot', 4), ('Emotet', 1)]"}
{"ts": "2026-07-19T02:11:45Z", "level": "DEBUG", "name": "swiftioc", "msg": "HTTP 200 0.13s https://urlhaus.abuse.ch/downloads/csv_recent/ [urlhaus_recent_urls]"}
{"ts": "2026-07-19T02:11:45Z", "level": "DEBUG", "name": "swiftioc", "msg": "HTTP 200 0.22s https://www.cisa.gov/sites/default/files/feeds/known_exploited_vulnerabilities.json [cisa_kev]"}
{"ts": "2026-07-19T02:11:45Z", "level": "DEBUG", "name": "swiftioc", "msg": "collect cisa_kev 1647 in 0.46s"}
{"ts": "2026-07-19T02:11:45Z", "level": "DEBUG", "name": "swiftioc", "msg": "summary cisa_kev types={'url': 0, 'domain': 0, 'ipv4': 0, 'ipv6': 0, 'ipv4_cidr': 0, 'ipv6_cidr': 0, 'md5': 0, 'sha1': 0, 'sha256': 0, 'sha512': 0, 'cve': 1647, 'email': 0, 'btc_address': 0, 'ja3': 0, 'ja3s': 0} tags_top=[('cve', 1647), ('exploited-in-the-wild', 1647)]"}
{"ts": "2026-07-19T02:11:45Z", "level": "DEBUG", "name": "swiftioc", "msg": "HTTP 200 0.30s https://www.spamhaus.org/drop/drop.txt [spamhaus_drop]"}
{"ts": "2026-07-19T02:11:45Z", "level": "DEBUG", "name": "swiftioc", "msg": "collect spamhaus_drop 1678 in 0.45s"}
{"ts": "2026-07-19T02:11:45Z", "level": "DEBUG", "name": "swiftioc", "msg": "summary spamhaus_drop types={'url': 0, 'domain': 0, 'ipv4': 0, 'ipv6': 0, 'ipv4_cidr': 1678, 'ipv6_cidr': 0, 'md5': 0, 'sha1': 0, 'sha256': 0, 'sha512': 0, 'cve': 0, 'email': 0, 'btc_address': 0, 'ja3': 0, 'ja3s': 0} tags_top=[('spamhaus', 1678), ('drop', 1678)]"}
{"ts": "2026-07-19T02:11:45Z", "level": "DEBUG", "name": "swiftioc", "msg": "HTTP 200 0.21s https://lists.blocklist.de/lists/ssh.txt [blocklist_de_ssh]"}
{"ts": "2026-07-19T02:11:46Z", "level": "DEBUG", "name": "swiftioc", "msg": "collect blocklist_de_ssh 5534 in 0.48s"}
{"ts": "2026-07-19T02:11:46Z", "level": "DEBUG", "name": "swiftioc", "msg": "summary blocklist_de_ssh types={'url': 0, 'domain': 0, 'ipv4': 5531, 'ipv6': 3, 'ipv4_cidr': 0, 'ipv6_cidr': 0, 'md5': 0, 'sha1': 0, 'sha256': 0, 'sha512': 0, 'cve': 0, 'email': 0, 'btc_address': 0, 'ja3': 0, 'ja3s': 0} tags_top=[('blocklist', 5534), ('bruteforce', 5534), ('ssh', 5534)]"}
{"ts": "2026-07-19T02:11:46Z", "level": "DEBUG", "name": "swiftioc", "msg": "HTTP 200 0.77s https://raw.githubusercontent.com/openphish/public_feed/refs/heads/main/feed.txt [openphish_feed]"}
{"ts": "2026-07-19T02:11:46Z", "level": "DEBUG", "name": "swiftioc", "msg": "collect openphish_feed 300 in 0.83s"}
{"ts": "2026-07-19T02:11:46Z", "level": "DEBUG", "name": "swiftioc", "msg": "summary openphish_feed types={'url': 300, 'domain': 0, 'ipv4': 0, 'ipv6': 0, 'ipv4_cidr': 0, 'ipv6_cidr': 0, 'md5': 0, 'sha1': 0, 'sha256': 0, 'sha512': 0, 'cve': 0, 'email': 0, 'btc_address': 0, 'ja3': 0, 'ja3s': 0} tags_top=[('phishing', 300), ('openphish', 300)]"}
{"ts": "2026-07-19T02:11:46Z", "level": "DEBUG", "name": "swiftioc", "msg": "HTTP 200 0.29s https://cinsscore.com/list/ci-badguys.txt [ci_army_list]"}
{"ts": "2026-07-19T02:11:46Z", "level": "DEBUG", "name": "swiftioc", "msg": "HTTP 200 0.62s https://blocklist.greensnow.co/greensnow.txt [greensnow_blocklist]"}
{"ts": "2026-07-19T02:11:46Z", "level": "DEBUG", "name": "swiftioc", "msg": "HTTP 200 0.27s https://threatfox.abuse.ch/export/json/recent/ [threatfox_export_json]"}
{"ts": "2026-07-19T02:11:46Z", "level": "DEBUG", "name": "swiftioc", "msg": "HTTP 200 0.46s https://rules.emergingthreats.net/blockrules/compromised-ips.txt [et_compromised]"}
{"ts": "2026-07-19T02:11:46Z", "level": "DEBUG", "name": "swiftioc", "msg": "collect greensnow_blocklist 3775 in 0.99s"}
{"ts": "2026-07-19T02:11:46Z", "level": "DEBUG", "name": "swiftioc", "msg": "summary greensnow_blocklist types={'url': 0, 'domain': 0, 'ipv4': 3775, 'ipv6': 0, 'ipv4_cidr': 0, 'ipv6_cidr': 0, 'md5': 0, 'sha1': 0, 'sha256': 0, 'sha512': 0, 'cve': 0, 'email': 0, 'btc_address': 0, 'ja3': 0, 'ja3s': 0} tags_top=[('blocklist', 3775), ('greensnow', 3775)]"}
{"ts": "2026-07-19T02:11:46Z", "level": "DEBUG", "name": "swiftioc", "msg": "collect ci_army_list 15000 in 0.82s"}
{"ts": "2026-07-19T02:11:46Z", "level": "DEBUG", "name": "swiftioc", "msg": "collect et_compromised 578 in 0.60s"}
{"ts": "2026-07-19T02:11:46Z", "level": "DEBUG", "name": "swiftioc", "msg": "summary et_compromised types={'url': 0, 'domain': 0, 'ipv4': 578, 'ipv6': 0, 'ipv4_cidr': 0, 'ipv6_cidr': 0, 'md5': 0, 'sha1': 0, 'sha256': 0, 'sha512': 0, 'cve': 0, 'email': 0, 'btc_address': 0, 'ja3': 0, 'ja3s': 0} tags_top=[('blocklist', 578), ('compromised', 578), ('emerging-threats', 578)]"}
{"ts": "2026-07-19T02:11:46Z", "level": "DEBUG", "name": "swiftioc", "msg": "summary ci_army_list types={'url': 0, 'domain': 0, 'ipv4': 15000, 'ipv6': 0, 'ipv4_cidr': 0, 'ipv6_cidr': 0, 'md5': 0, 'sha1': 0, 'sha256': 0, 'sha512': 0, 'cve': 0, 'email': 0, 'btc_address': 0, 'ja3': 0, 'ja3s': 0} tags_top=[('blocklist', 15000), ('cins', 15000), ('scanner', 15000)]"}
{"ts": "2026-07-19T02:11:46Z", "level": "DEBUG", "name": "swiftioc", "msg": "HTTP 200 0.11s https://raw.githubusercontent.com/stamparm/ipsum/master/levels/5.txt [ipsum_level5]"}
{"ts": "2026-07-19T02:11:46Z", "level": "DEBUG", "name": "swiftioc", "msg": "collect threatfox_export_json 888 in 1.53s"}
{"ts": "2026-07-19T02:11:46Z", "level": "DEBUG", "name": "swiftioc", "msg": "summary threatfox_export_json types={'url': 246, 'domain': 325, 'ipv4': 215, 'ipv6': 0, 'ipv4_cidr': 0, 'ipv6_cidr': 0, 'md5': 34, 'sha1': 34, 'sha256': 34, 'sha512': 0, 'cve': 0, 'email': 0, 'btc_address': 0, 'ja3': 0, 'ja3s': 0} tags_top=[('threatfox', 888), ('ClickFix', 277), ('JokerStat', 251), ('TDS', 251), ('ClearFake', 203)]"}
{"ts": "2026-07-19T02:11:46Z", "level": "DEBUG", "name": "swiftioc", "msg": "collect ipsum_level5 2279 in 0.35s"}
{"ts": "2026-07-19T02:11:46Z", "level": "DEBUG", "name": "swiftioc", "msg": "summary ipsum_level5 types={'url': 0, 'domain': 0, 'ipv4': 2279, 'ipv6': 0, 'ipv4_cidr': 0, 'ipv6_cidr': 0, 'md5': 0, 'sha1': 0, 'sha256': 0, 'sha512': 0, 'cve': 0, 'email': 0, 'btc_address': 0, 'ja3': 0, 'ja3s': 0} tags_top=[('aggregated', 2279), ('blocklist', 2279), ('ipsum', 2279), ('multi-list', 2279)]"}
{"ts": "2026-07-19T02:11:47Z", "level": "DEBUG", "name": "swiftioc", "msg": "HTTP 200 0.88s https://binarydefense.com/banlist.txt [binarydefense_banlist]"}
{"ts": "2026-07-19T02:11:47Z", "level": "DEBUG", "name": "swiftioc", "msg": "HTTP 200 0.83s https://check.torproject.org/exit-addresses [tor_exit_nodes]"}
{"ts": "2026-07-19T02:11:47Z", "level": "DEBUG", "name": "swiftioc", "msg": "collect binarydefense_banlist 2819 in 1.00s"}
{"ts": "2026-07-19T02:11:47Z", "level": "DEBUG", "name": "swiftioc", "msg": "summary binarydefense_banlist types={'url': 0, 'domain': 0, 'ipv4': 2819, 'ipv6': 0, 'ipv4_cidr': 0, 'ipv6_cidr': 0, 'md5': 0, 'sha1': 0, 'sha256': 0, 'sha512': 0, 'cve': 0, 'email': 0, 'btc_address': 0, 'ja3': 0, 'ja3s': 0} tags_top=[('binarydefense', 2819), ('blocklist', 2819), ('scanner', 2819)]"}
{"ts": "2026-07-19T02:11:47Z", "level": "DEBUG", "name": "swiftioc", "msg": "collect urlhaus_recent_urls 338 in 2.15s"}
{"ts": "2026-07-19T02:11:47Z", "level": "DEBUG", "name": "swiftioc", "msg": "summary urlhaus_recent_urls types={'url': 338, 'domain': 0, 'ipv4': 0, 'ipv6': 0, 'ipv4_cidr': 0, 'ipv6_cidr': 0, 'md5': 0, 'sha1': 0, 'sha256': 0, 'sha512': 0, 'cve': 0, 'email': 0, 'btc_address': 0, 'ja3': 0, 'ja3s': 0} tags_top=[('malware', 338), ('2026-07-19 01:53:01', 3), ('2026-07-19 00:24:47', 3), ('2026-07-19 01:54:06', 3), ('2026-07-19 00:06:15', 2)]"}
{"ts": "2026-07-19T02:11:47Z", "level": "DEBUG", "name": "swiftioc", "msg": "collect tor_exit_nodes 1422 in 1.59s"}
{"ts": "2026-07-19T02:11:47Z", "level": "DEBUG", "name": "swiftioc", "msg": "summary tor_exit_nodes types={'url': 0, 'domain': 0, 'ipv4': 1422, 'ipv6': 0, 'ipv4_cidr': 0, 'ipv6_cidr': 0, 'md5': 0, 'sha1': 0, 'sha256': 0, 'sha512': 0, 'cve': 0, 'email': 0, 'btc_address': 0, 'ja3': 0, 'ja3s': 0} tags_top=[('blocklist', 1422), ('exit-node', 1422), ('tor', 1422)]"}
{"ts": "2026-07-19T02:12:13Z", "level": "DEBUG", "name": "swiftioc", "msg": "HTTP 200 0.41s https://services.nvd.nist.gov/rest/json/cves/2.0/?resultsPerPage=200&lastModStartDate=2026-07-17T02%3A11%3A45.000&lastModEndDate=2026-07-19T02%3A11%3A45.000 [nist_nvd_recent]"}
{"ts": "2026-07-19T02:12:13Z", "level": "DEBUG", "name": "swiftioc", "msg": "collect nist_nvd_recent 0 in 28.53s"}
{"ts": "2026-07-19T02:12:13Z", "level": "DEBUG", "name": "swiftioc", "msg": "summary nist_nvd_recent types={'url': 0, 'domain': 0, 'ipv4': 0, 'ipv6': 0, 'ipv4_cidr': 0, 'ipv6_cidr': 0, 'md5': 0, 'sha1': 0, 'sha256': 0, 'sha512': 0, 'cve': 0, 'email': 0, 'btc_address': 0, 'ja3': 0, 'ja3s': 0} tags_top=[]"}
{"ts": "2026-07-19T02:12:15Z", "level": "INFO", "name": "swiftioc", "msg": "Persisted feed: carried forward 2412 indicators from previous run"}
{"ts": "2026-07-19T02:12:19Z", "level": "INFO", "name": "swiftioc", "msg": "Retained top 10000 indicators (pruned 25248 over --max-store)"}
{"ts": "2026-07-19T02:12:20Z", "level": "INFO", "name": "swiftioc", "msg": "High-confidence feed: 8579 of 10000 indicators (score>=80 or 2+ sources)"}
{"ts": "2026-07-19T02:12:20Z", "level": "INFO", "name": "swiftioc", "msg": "Dashboard feed: top 1000 rows written"}
{"ts": "2026-07-19T02:12:21Z", "level": "INFO", "name": "swiftioc", "msg": "MISP feed: 8579 attributes in public/misp"}
{"ts": "2026-07-19T02:12:21Z", "level": "INFO", "name": "swiftioc", "msg": "RSS feed: 50 items written"}
{"ts": "2026-07-19T02:12:21Z", "level": "INFO", "name": "swiftioc", "msg": "Wrote 10000 indicators to public/iocs"}
{"ts": "2026-07-19T02:12:21Z", "level": "INFO", "name": "swiftioc", "msg": "Per-source counts: {'cisa_kev': 1647, 'nist_nvd_recent': 0, 'urlhaus_recent_urls': 338, 'malwarebazaar_recent': 692, 'threatfox_export_json': 888, 'feodo_ipblocklist': 5, 'sslbl_ja3': 97, 'openphish_feed': 300, 'spamhaus_drop': 1678, 'blocklist_de_ssh': 5534, 'greensnow_blocklist': 3775, 'ci_army_list': 15000, 'tor_exit_nodes': 1422, 'et_compromised': 578, 'binarydefense_banlist': 2819, 'ipsum_level5': 2279}"}
{"ts": "2026-07-19T06:26:00Z", "level": "DEBUG", "name": "swiftioc", "msg": "HTTP 200 0.12s https://sslbl.abuse.ch/blacklist/ja3_fingerprints.csv [sslbl_ja3]"}
{"ts": "2026-07-19T06:26:00Z", "level": "DEBUG", "name": "swiftioc", "msg": "collect sslbl_ja3 97 in 0.13s"}
{"ts": "2026-07-19T06:26:00Z", "level": "DEBUG", "name": "swiftioc", "msg": "summary sslbl_ja3 types={'url': 0, 'domain': 0, 'ipv4': 0, 'ipv6': 0, 'ipv4_cidr': 0, 'ipv6_cidr': 0, 'md5': 0, 'sha1': 0, 'sha256': 0, 'sha512': 0, 'cve': 0, 'email': 0, 'btc_address': 0, 'ja3': 97, 'ja3s': 0} tags_top=[('sslbl', 97), ('tls', 97), ('fingerprint', 97), ('Tofsee', 45), ('Adware', 24)]"}
{"ts": "2026-07-19T06:26:00Z", "level": "DEBUG", "name": "swiftioc", "msg": "HTTP 200 0.11s https://www.cisa.gov/sites/default/files/feeds/known_exploited_vulnerabilities.json [cisa_kev]"}
{"ts": "2026-07-19T06:26:00Z", "level": "DEBUG", "name": "swiftioc", "msg": "HTTP 200 0.11s https://threatfox.abuse.ch/export/json/recent/ [threatfox_export_json]"}
{"ts": "2026-07-19T06:26:00Z", "level": "DEBUG", "name": "swiftioc", "msg": "HTTP 200 0.26s https://feodotracker.abuse.ch/downloads/ipblocklist.csv [feodo_ipblocklist]"}
{"ts": "2026-07-19T06:26:00Z", "level": "DEBUG", "name": "swiftioc", "msg": "collect feodo_ipblocklist 5 in 0.27s"}
{"ts": "2026-07-19T06:26:00Z", "level": "DEBUG", "name": "swiftioc", "msg": "collect cisa_kev 1647 in 0.28s"}
{"ts": "2026-07-19T06:26:00Z", "level": "DEBUG", "name": "swiftioc", "msg": "summary feodo_ipblocklist types={'url': 0, 'domain': 0, 'ipv4': 5, 'ipv6': 0, 'ipv4_cidr': 0, 'ipv6_cidr': 0, 'md5': 0, 'sha1': 0, 'sha256': 0, 'sha512': 0, 'cve': 0, 'email': 0, 'btc_address': 0, 'ja3': 0, 'ja3s': 0} tags_top=[('feodo', 5), ('c2', 5), ('QakBot', 4), ('Emotet', 1)]"}
{"ts": "2026-07-19T06:26:00Z", "level": "DEBUG", "name": "swiftioc", "msg": "summary cisa_kev types={'url': 0, 'domain': 0, 'ipv4': 0, 'ipv6': 0, 'ipv4_cidr': 0, 'ipv6_cidr': 0, 'md5': 0, 'sha1': 0, 'sha256': 0, 'sha512': 0, 'cve': 1647, 'email': 0, 'btc_address': 0, 'ja3': 0, 'ja3s': 0} tags_top=[('cve', 1647), ('exploited-in-the-wild', 1647)]"}
{"ts": "2026-07-19T06:26:00Z", "level": "DEBUG", "name": "swiftioc", "msg": "HTTP 200 0.14s https://bazaar.abuse.ch/export/csv/recent/ [malwarebazaar_recent]"}
{"ts": "2026-07-19T06:26:00Z", "level": "DEBUG", "name": "swiftioc", "msg": "collect threatfox_export_json 890 in 0.44s"}
{"ts": "2026-07-19T06:26:00Z", "level": "DEBUG", "name": "swiftioc", "msg": "summary threatfox_export_json types={'url': 246, 'domain': 327, 'ipv4': 215, 'ipv6': 0, 'ipv4_cidr': 0, 'ipv6_cidr': 0, 'md5': 34, 'sha1': 34, 'sha256': 34, 'sha512': 0, 'cve': 0, 'email': 0, 'btc_address': 0, 'ja3': 0, 'ja3s': 0} tags_top=[('threatfox', 890), ('ClickFix', 278), ('JokerStat', 251), ('TDS', 251), ('ClearFake', 205)]"}
{"ts": "2026-07-19T06:26:00Z", "level": "DEBUG", "name": "swiftioc", "msg": "collect malwarebazaar_recent 667 in 0.49s"}
{"ts": "2026-07-19T06:26:00Z", "level": "DEBUG", "name": "swiftioc", "msg": "summary malwarebazaar_recent types={'url': 0, 'domain': 0, 'ipv4': 0, 'ipv6': 0, 'ipv4_cidr': 0, 'ipv6_cidr': 0, 'md5': 0, 'sha1': 0, 'sha256': 667, 'sha512': 0, 'cve': 0, 'email': 0, 'btc_address': 0, 'ja3': 0, 'ja3s': 0} tags_top=[('malware', 667), ('Mirai', 305), ('Efimer', 33), ('RemusStealer', 20), ('Prometei', 17)]"}
{"ts": "2026-07-19T06:26:00Z", "level": "DEBUG", "name": "swiftioc", "msg": "HTTP 200 0.31s https://www.spamhaus.org/drop/drop.txt [spamhaus_drop]"}
{"ts": "2026-07-19T06:26:00Z", "level": "DEBUG", "name": "swiftioc", "msg": "collect spamhaus_drop 1678 in 0.39s"}
{"ts": "2026-07-19T06:26:00Z", "level": "DEBUG", "name": "swiftioc", "msg": "summary spamhaus_drop types={'url': 0, 'domain': 0, 'ipv4': 0, 'ipv6': 0, 'ipv4_cidr': 1678, 'ipv6_cidr': 0, 'md5': 0, 'sha1': 0, 'sha256': 0, 'sha512': 0, 'cve': 0, 'email': 0, 'btc_address': 0, 'ja3': 0, 'ja3s': 0} tags_top=[('spamhaus', 1678), ('drop', 1678)]"}
{"ts": "2026-07-19T06:26:00Z", "level": "DEBUG", "name": "swiftioc", "msg": "HTTP 200 0.20s https://lists.blocklist.de/lists/ssh.txt [blocklist_de_ssh]"}
{"ts": "2026-07-19T06:26:00Z", "level": "DEBUG", "name": "swiftioc", "msg": "collect blocklist_de_ssh 5648 in 0.27s"}
{"ts": "2026-07-19T06:26:00Z", "level": "DEBUG", "name": "swiftioc", "msg": "summary blocklist_de_ssh types={'url': 0, 'domain': 0, 'ipv4': 5645, 'ipv6': 3, 'ipv4_cidr': 0, 'ipv6_cidr': 0, 'md5': 0, 'sha1': 0, 'sha256': 0, 'sha512': 0, 'cve': 0, 'email': 0, 'btc_address': 0, 'ja3': 0, 'ja3s': 0} tags_top=[('blocklist', 5648), ('bruteforce', 5648), ('ssh', 5648)]"}
{"ts": "2026-07-19T06:26:00Z", "level": "DEBUG", "name": "swiftioc", "msg": "HTTP 200 0.27s https://urlhaus.abuse.ch/downloads/csv_recent/ [urlhaus_recent_urls]"}
{"ts": "2026-07-19T06:26:00Z", "level": "DEBUG", "name": "swiftioc", "msg": "HTTP 200 0.80s https://raw.githubusercontent.com/openphish/public_feed/refs/heads/main/feed.txt [openphish_feed]"}
{"ts": "2026-07-19T06:26:00Z", "level": "DEBUG", "name": "swiftioc", "msg": "HTTP 200 0.27s https://rules.emergingthreats.net/blockrules/compromised-ips.txt [et_compromised]"}
{"ts": "2026-07-19T06:26:00Z", "level": "DEBUG", "name": "swiftioc", "msg": "collect openphish_feed 300 in 0.85s"}
{"ts": "2026-07-19T06:26:00Z", "level": "DEBUG", "name": "swiftioc", "msg": "summary openphish_feed types={'url': 300, 'domain': 0, 'ipv4': 0, 'ipv6': 0, 'ipv4_cidr': 0, 'ipv6_cidr': 0, 'md5': 0, 'sha1': 0, 'sha256': 0, 'sha512': 0, 'cve': 0, 'email': 0, 'btc_address': 0, 'ja3': 0, 'ja3s': 0} tags_top=[('phishing', 300), ('openphish', 300)]"}
{"ts": "2026-07-19T06:26:00Z", "level": "DEBUG", "name": "swiftioc", "msg": "HTTP 200 0.26s https://cinsscore.com/list/ci-badguys.txt [ci_army_list]"}
{"ts": "2026-07-19T06:26:00Z", "level": "DEBUG", "name": "swiftioc", "msg": "HTTP 200 0.01s https://raw.githubusercontent.com/stamparm/ipsum/master/levels/5.txt [ipsum_level5]"}
{"ts": "2026-07-19T06:26:00Z", "level": "DEBUG", "name": "swiftioc", "msg": "collect et_compromised 578 in 0.42s"}
{"ts": "2026-07-19T06:26:00Z", "level": "DEBUG", "name": "swiftioc", "msg": "summary et_compromised types={'url': 0, 'domain': 0, 'ipv4': 578, 'ipv6': 0, 'ipv4_cidr': 0, 'ipv6_cidr': 0, 'md5': 0, 'sha1': 0, 'sha256': 0, 'sha512': 0, 'cve': 0, 'email': 0, 'btc_address': 0, 'ja3': 0, 'ja3s': 0} tags_top=[('blocklist', 578), ('compromised', 578), ('emerging-threats', 578)]"}
{"ts": "2026-07-19T06:26:01Z", "level": "DEBUG", "name": "swiftioc", "msg": "collect ipsum_level5 2279 in 0.21s"}
{"ts": "2026-07-19T06:26:01Z", "level": "DEBUG", "name": "swiftioc", "msg": "summary ipsum_level5 types={'url': 0, 'domain': 0, 'ipv4': 2279, 'ipv6': 0, 'ipv4_cidr': 0, 'ipv6_cidr': 0, 'md5': 0, 'sha1': 0, 'sha256': 0, 'sha512': 0, 'cve': 0, 'email': 0, 'btc_address': 0, 'ja3': 0, 'ja3s': 0} tags_top=[('aggregated', 2279), ('blocklist', 2279), ('ipsum', 2279), ('multi-list', 2279)]"}
{"ts": "2026-07-19T06:26:01Z", "level": "DEBUG", "name": "swiftioc", "msg": "HTTP 200 0.73s https://blocklist.greensnow.co/greensnow.txt [greensnow_blocklist]"}
{"ts": "2026-07-19T06:26:01Z", "level": "DEBUG", "name": "swiftioc", "msg": "collect ci_army_list 15000 in 0.76s"}
{"ts": "2026-07-19T06:26:01Z", "level": "DEBUG", "name": "swiftioc", "msg": "summary ci_army_list types={'url': 0, 'domain': 0, 'ipv4': 15000, 'ipv6': 0, 'ipv4_cidr': 0, 'ipv6_cidr': 0, 'md5': 0, 'sha1': 0, 'sha256': 0, 'sha512': 0, 'cve': 0, 'email': 0, 'btc_address': 0, 'ja3': 0, 'ja3s': 0} tags_top=[('blocklist', 15000), ('cins', 15000), ('scanner', 15000)]"}
{"ts": "2026-07-19T06:26:01Z", "level": "DEBUG", "name": "swiftioc", "msg": "HTTP 200 0.66s https://binarydefense.com/banlist.txt [binarydefense_banlist]"}
{"ts": "2026-07-19T06:26:01Z", "level": "DEBUG", "name": "swiftioc", "msg": "collect binarydefense_banlist 2819 in 0.79s"}
{"ts": "2026-07-19T06:26:01Z", "level": "DEBUG", "name": "swiftioc", "msg": "summary binarydefense_banlist types={'url': 0, 'domain': 0, 'ipv4': 2819, 'ipv6': 0, 'ipv4_cidr': 0, 'ipv6_cidr': 0, 'md5': 0, 'sha1': 0, 'sha256': 0, 'sha512': 0, 'cve': 0, 'email': 0, 'btc_address': 0, 'ja3': 0, 'ja3s': 0} tags_top=[('binarydefense', 2819), ('blocklist', 2819), ('scanner', 2819)]"}
{"ts": "2026-07-19T06:26:01Z", "level": "DEBUG", "name": "swiftioc", "msg": "collect greensnow_blocklist 3698 in 1.06s"}
{"ts": "2026-07-19T06:26:01Z", "level": "DEBUG", "name": "swiftioc", "msg": "summary greensnow_blocklist types={'url': 0, 'domain': 0, 'ipv4': 3698, 'ipv6': 0, 'ipv4_cidr': 0, 'ipv6_cidr': 0, 'md5': 0, 'sha1': 0, 'sha256': 0, 'sha512': 0, 'cve': 0, 'email': 0, 'btc_address': 0, 'ja3': 0, 'ja3s': 0} tags_top=[('blocklist', 3698), ('greensnow', 3698)]"}
{"ts": "2026-07-19T06:26:01Z", "level": "DEBUG", "name": "swiftioc", "msg": "HTTP 200 0.66s https://check.torproject.org/exit-addresses [tor_exit_nodes]"}
{"ts": "2026-07-19T06:26:01Z", "level": "DEBUG", "name": "swiftioc", "msg": "collect tor_exit_nodes 1422 in 1.49s"}
{"ts": "2026-07-19T06:26:01Z", "level": "DEBUG", "name": "swiftioc", "msg": "summary tor_exit_nodes types={'url': 0, 'domain': 0, 'ipv4': 1422, 'ipv6': 0, 'ipv4_cidr': 0, 'ipv6_cidr': 0, 'md5': 0, 'sha1': 0, 'sha256': 0, 'sha512': 0, 'cve': 0, 'email': 0, 'btc_address': 0, 'ja3': 0, 'ja3s': 0} tags_top=[('blocklist', 1422), ('exit-node', 1422), ('tor', 1422)]"}
{"ts": "2026-07-19T06:26:02Z", "level": "DEBUG", "name": "swiftioc", "msg": "collect urlhaus_recent_urls 347 in 2.18s"}
{"ts": "2026-07-19T06:26:02Z", "level": "DEBUG", "name": "swiftioc", "msg": "summary urlhaus_recent_urls types={'url': 347, 'domain': 0, 'ipv4': 0, 'ipv6': 0, 'ipv4_cidr': 0, 'ipv6_cidr': 0, 'md5': 0, 'sha1': 0, 'sha256': 0, 'sha512': 0, 'cve': 0, 'email': 0, 'btc_address': 0, 'ja3': 0, 'ja3s': 0} tags_top=[('malware', 347), ('2026-07-19 01:54:06', 3), ('2026-07-19 05:59:37', 2), ('2026-07-19 00:06:15', 2), ('2026-07-19 00:35:47', 2)]"}
{"ts": "2026-07-19T06:26:11Z", "level": "DEBUG", "name": "swiftioc", "msg": "HTTP 200 0.35s https://services.nvd.nist.gov/rest/json/cves/2.0/?resultsPerPage=200&lastModStartDate=2026-07-17T06%3A25%3A59.000&lastModEndDate=2026-07-19T06%3A25%3A59.000 [nist_nvd_recent]"}
{"ts": "2026-07-19T06:26:11Z", "level": "DEBUG", "name": "swiftioc", "msg": "collect nist_nvd_recent 0 in 11.31s"}
{"ts": "2026-07-19T06:26:11Z", "level": "DEBUG", "name": "swiftioc", "msg": "summary nist_nvd_recent types={'url': 0, 'domain': 0, 'ipv4': 0, 'ipv6': 0, 'ipv4_cidr': 0, 'ipv6_cidr': 0, 'md5': 0, 'sha1': 0, 'sha256': 0, 'sha512': 0, 'cve': 0, 'email': 0, 'btc_address': 0, 'ja3': 0, 'ja3s': 0} tags_top=[]"}
{"ts": "2026-07-19T06:26:13Z", "level": "INFO", "name": "swiftioc", "msg": "Persisted feed: carried forward 1593 indicators from previous run"}
{"ts": "2026-07-19T06:26:16Z", "level": "INFO", "name": "swiftioc", "msg": "Retained top 10000 indicators (pruned 24696 over --max-store)"}
{"ts": "2026-07-19T06:26:17Z", "level": "INFO", "name": "swiftioc", "msg": "High-confidence feed: 8596 of 10000 indicators (score>=80 or 2+ sources)"}
{"ts": "2026-07-19T06:26:17Z", "level": "INFO", "name": "swiftioc", "msg": "Dashboard feed: top 1000 rows written"}
{"ts": "2026-07-19T06:26:18Z", "level": "INFO", "name": "swiftioc", "msg": "MISP feed: 8596 attributes in public/misp"}
{"ts": "2026-07-19T06:26:18Z", "level": "INFO", "name": "swiftioc", "msg": "RSS feed: 50 items written"}
{"ts": "2026-07-19T06:26:19Z", "level": "INFO", "name": "swiftioc", "msg": "Wrote 10000 indicators to public/iocs"}
{"ts": "2026-07-19T06:26:19Z", "level": "INFO", "name": "swiftioc", "msg": "Per-source counts: {'cisa_kev': 1647, 'nist_nvd_recent': 0, 'urlhaus_recent_urls': 347, 'malwarebazaar_recent': 667, 'threatfox_export_json': 890, 'feodo_ipblocklist': 5, 'sslbl_ja3': 97, 'openphish_feed': 300, 'spamhaus_drop': 1678, 'blocklist_de_ssh': 5648, 'greensnow_blocklist': 3698, 'ci_army_list': 15000, 'tor_exit_nodes': 1422, 'et_compromised': 578, 'binarydefense_banlist': 2819, 'ipsum_level5': 2279}"}
{"ts": "2026-07-19T09:47:39Z", "level": "DEBUG", "name": "swiftioc", "msg": "HTTP 200 0.05s https://bazaar.abuse.ch/export/csv/recent/ [malwarebazaar_recent]"}
{"ts": "2026-07-19T09:47:40Z", "level": "DEBUG", "name": "swiftioc", "msg": "collect malwarebazaar_recent 638 in 0.16s"}
{"ts": "2026-07-19T09:47:40Z", "level": "DEBUG", "name": "swiftioc", "msg": "summary malwarebazaar_recent types={'url': 0, 'domain': 0, 'ipv4': 0, 'ipv6': 0, 'ipv4_cidr': 0, 'ipv6_cidr': 0, 'md5': 0, 'sha1': 0, 'sha256': 638, 'sha512': 0, 'cve': 0, 'email': 0, 'btc_address': 0, 'ja3': 0, 'ja3s': 0} tags_top=[('malware', 638), ('Mirai', 274), ('Efimer', 42), ('RemusStealer', 23), ('Prometei', 17)]"}
{"ts": "2026-07-19T09:47:40Z", "level": "DEBUG", "name": "swiftioc", "msg": "HTTP 200 0.15s https://sslbl.abuse.ch/blacklist/ja3_fingerprints.csv [sslbl_ja3]"}
{"ts": "2026-07-19T09:47:40Z", "level": "DEBUG", "name": "swiftioc", "msg": "collect sslbl_ja3 97 in 0.16s"}
{"ts": "2026-07-19T09:47:40Z", "level": "DEBUG", "name": "swiftioc", "msg": "summary sslbl_ja3 types={'url': 0, 'domain': 0, 'ipv4': 0, 'ipv6': 0, 'ipv4_cidr': 0, 'ipv6_cidr': 0, 'md5': 0, 'sha1': 0, 'sha256': 0, 'sha512': 0, 'cve': 0, 'email': 0, 'btc_address': 0, 'ja3': 97, 'ja3s': 0} tags_top=[('sslbl', 97), ('tls', 97), ('fingerprint', 97), ('Tofsee', 45), ('Adware', 24)]"}
{"ts": "2026-07-19T09:47:40Z", "level": "DEBUG", "name": "swiftioc", "msg": "HTTP 200 0.14s https://www.cisa.gov/sites/default/files/feeds/known_exploited_vulnerabilities.json [cisa_kev]"}
{"ts": "2026-07-19T09:47:40Z", "level": "DEBUG", "name": "swiftioc", "msg": "collect cisa_kev 1647 in 0.27s"}
{"ts": "2026-07-19T09:47:40Z", "level": "DEBUG", "name": "swiftioc", "msg": "summary cisa_kev types={'url': 0, 'domain': 0, 'ipv4': 0, 'ipv6': 0, 'ipv4_cidr': 0, 'ipv6_cidr': 0, 'md5': 0, 'sha1': 0, 'sha256': 0, 'sha512': 0, 'cve': 1647, 'email': 0, 'btc_address': 0, 'ja3': 0, 'ja3s': 0} tags_top=[('cve', 1647), ('exploited-in-the-wild', 1647)]"}
{"ts": "2026-07-19T09:47:40Z", "level": "DEBUG", "name": "swiftioc", "msg": "HTTP 200 0.11s https://www.spamhaus.org/drop/drop.txt [spamhaus_drop]"}
{"ts": "2026-07-19T09:47:40Z", "level": "DEBUG", "name": "swiftioc", "msg": "collect spamhaus_drop 1678 in 0.16s"}
{"ts": "2026-07-19T09:47:40Z", "level": "DEBUG", "name": "swiftioc", "msg": "summary spamhaus_drop types={'url': 0, 'domain': 0, 'ipv4': 0, 'ipv6': 0, 'ipv4_cidr': 1678, 'ipv6_cidr': 0, 'md5': 0, 'sha1': 0, 'sha256': 0, 'sha512': 0, 'cve': 0, 'email': 0, 'btc_address': 0, 'ja3': 0, 'ja3s': 0} tags_top=[('spamhaus', 1678), ('drop', 1678)]"}
{"ts": "2026-07-19T09:47:40Z", "level": "DEBUG", "name": "swiftioc", "msg": "HTTP 200 0.16s https://urlhaus.abuse.ch/downloads/csv_recent/ [urlhaus_recent_urls]"}
{"ts": "2026-07-19T09:47:40Z", "level": "DEBUG", "name": "swiftioc", "msg": "HTTP 200 0.42s https://feodotracker.abuse.ch/downloads/ipblocklist.csv [feodo_ipblocklist]"}
{"ts": "2026-07-19T09:47:40Z", "level": "DEBUG", "name": "swiftioc", "msg": "collect feodo_ipblocklist 5 in 0.48s"}
{"ts": "2026-07-19T09:47:40Z", "level": "DEBUG", "name": "swiftioc", "msg": "summary feodo_ipblocklist types={'url': 0, 'domain': 0, 'ipv4': 5, 'ipv6': 0, 'ipv4_cidr': 0, 'ipv6_cidr': 0, 'md5': 0, 'sha1': 0, 'sha256': 0, 'sha512': 0, 'cve': 0, 'email': 0, 'btc_address': 0, 'ja3': 0, 'ja3s': 0} tags_top=[('feodo', 5), ('c2', 5), ('QakBot', 4), ('Emotet', 1)]"}
{"ts": "2026-07-19T09:47:40Z", "level": "DEBUG", "name": "swiftioc", "msg": "HTTP 200 0.25s https://lists.blocklist.de/lists/ssh.txt [blocklist_de_ssh]"}
{"ts": "2026-07-19T09:47:40Z", "level": "DEBUG", "name": "swiftioc", "msg": "collect blocklist_de_ssh 4988 in 0.52s"}
{"ts": "2026-07-19T09:47:40Z", "level": "DEBUG", "name": "swiftioc", "msg": "summary blocklist_de_ssh types={'url': 0, 'domain': 0, 'ipv4': 4985, 'ipv6': 3, 'ipv4_cidr': 0, 'ipv6_cidr': 0, 'md5': 0, 'sha1': 0, 'sha256': 0, 'sha512': 0, 'cve': 0, 'email': 0, 'btc_address': 0, 'ja3': 0, 'ja3s': 0} tags_top=[('blocklist', 4988), ('bruteforce', 4988), ('ssh', 4988)]"}
{"ts": "2026-07-19T09:47:40Z", "level": "DEBUG", "name": "swiftioc", "msg": "HTTP 200 0.26s https://cinsscore.com/list/ci-badguys.txt [ci_army_list]"}
{"ts": "2026-07-19T09:47:40Z", "level": "DEBUG", "name": "swiftioc", "msg": "HTTP 200 0.96s https://raw.githubusercontent.com/openphish/public_feed/refs/heads/main/feed.txt [openphish_feed]"}
{"ts": "2026-07-19T09:47:40Z", "level": "DEBUG", "name": "swiftioc", "msg": "collect openphish_feed 300 in 1.12s"}
{"ts": "2026-07-19T09:47:40Z", "level": "DEBUG", "name": "swiftioc", "msg": "summary openphish_feed types={'url': 300, 'domain': 0, 'ipv4': 0, 'ipv6': 0, 'ipv4_cidr': 0, 'ipv6_cidr': 0, 'md5': 0, 'sha1': 0, 'sha256': 0, 'sha512': 0, 'cve': 0, 'email': 0, 'btc_address': 0, 'ja3': 0, 'ja3s': 0} tags_top=[('phishing', 300), ('openphish', 300)]"}
{"ts": "2026-07-19T09:47:41Z", "level": "DEBUG", "name": "swiftioc", "msg": "HTTP 200 0.48s https://rules.emergingthreats.net/blockrules/compromised-ips.txt [et_compromised]"}
{"ts": "2026-07-19T09:47:41Z", "level": "DEBUG", "name": "swiftioc", "msg": "collect ci_army_list 15000 in 0.94s"}
{"ts": "2026-07-19T09:47:41Z", "level": "DEBUG", "name": "swiftioc", "msg": "summary ci_army_list types={'url': 0, 'domain': 0, 'ipv4': 15000, 'ipv6': 0, 'ipv4_cidr': 0, 'ipv6_cidr': 0, 'md5': 0, 'sha1': 0, 'sha256': 0, 'sha512': 0, 'cve': 0, 'email': 0, 'btc_address': 0, 'ja3': 0, 'ja3s': 0} tags_top=[('blocklist', 15000), ('cins', 15000), ('scanner', 15000)]"}
{"ts": "2026-07-19T09:47:41Z", "level": "DEBUG", "name": "swiftioc", "msg": "collect et_compromised 578 in 0.58s"}
{"ts": "2026-07-19T09:47:41Z", "level": "DEBUG", "name": "swiftioc", "msg": "summary et_compromised types={'url': 0, 'domain': 0, 'ipv4': 578, 'ipv6': 0, 'ipv4_cidr': 0, 'ipv6_cidr': 0, 'md5': 0, 'sha1': 0, 'sha256': 0, 'sha512': 0, 'cve': 0, 'email': 0, 'btc_address': 0, 'ja3': 0, 'ja3s': 0} tags_top=[('blocklist', 578), ('compromised', 578), ('emerging-threats', 578)]"}
{"ts": "2026-07-19T09:47:41Z", "level": "DEBUG", "name": "swiftioc", "msg": "HTTP 200 0.89s https://blocklist.greensnow.co/greensnow.txt [greensnow_blocklist]"}
{"ts": "2026-07-19T09:47:41Z", "level": "DEBUG", "name": "swiftioc", "msg": "collect greensnow_blocklist 3568 in 1.19s"}
{"ts": "2026-07-19T09:47:41Z", "level": "DEBUG", "name": "swiftioc", "msg": "summary greensnow_blocklist types={'url': 0, 'domain': 0, 'ipv4': 3568, 'ipv6': 0, 'ipv4_cidr': 0, 'ipv6_cidr': 0, 'md5': 0, 'sha1': 0, 'sha256': 0, 'sha512': 0, 'cve': 0, 'email': 0, 'btc_address': 0, 'ja3': 0, 'ja3s': 0} tags_top=[('blocklist', 3568), ('greensnow', 3568)]"}
{"ts": "2026-07-19T09:47:41Z", "level": "DEBUG", "name": "swiftioc", "msg": "HTTP 200 0.16s https://raw.githubusercontent.com/stamparm/ipsum/master/levels/5.txt [ipsum_level5]"}
{"ts": "2026-07-19T09:47:41Z", "level": "DEBUG", "name": "swiftioc", "msg": "collect ipsum_level5 2279 in 0.30s"}
{"ts": "2026-07-19T09:47:41Z", "level": "DEBUG", "name": "swiftioc", "msg": "HTTP 200 0.48s https://threatfox.abuse.ch/export/json/recent/ [threatfox_export_json]"}
{"ts": "2026-07-19T09:47:41Z", "level": "DEBUG", "name": "swiftioc", "msg": "summary ipsum_level5 types={'url': 0, 'domain': 0, 'ipv4': 2279, 'ipv6': 0, 'ipv4_cidr': 0, 'ipv6_cidr': 0, 'md5': 0, 'sha1': 0, 'sha256': 0, 'sha512': 0, 'cve': 0, 'email': 0, 'btc_address': 0, 'ja3': 0, 'ja3s': 0} tags_top=[('aggregated', 2279), ('blocklist', 2279), ('ipsum', 2279), ('multi-list', 2279)]"}
{"ts": "2026-07-19T09:47:41Z", "level": "DEBUG", "name": "swiftioc", "msg": "HTTP 200 0.66s https://check.torproject.org/exit-addresses [tor_exit_nodes]"}
{"ts": "2026-07-19T09:47:41Z", "level": "DEBUG", "name": "swiftioc", "msg": "collect urlhaus_recent_urls 319 in 2.03s"}
{"ts": "2026-07-19T09:47:41Z", "level": "DEBUG", "name": "swiftioc", "msg": "summary urlhaus_recent_urls types={'url': 319, 'domain': 0, 'ipv4': 0, 'ipv6': 0, 'ipv4_cidr': 0, 'ipv6_cidr': 0, 'md5': 0, 'sha1': 0, 'sha256': 0, 'sha512': 0, 'cve': 0, 'email': 0, 'btc_address': 0, 'ja3': 0, 'ja3s': 0} tags_top=[('malware', 319), ('2026-07-19 08:48:35', 2), ('2026-07-19 08:01:15', 2), ('2026-07-19 07:31:18', 2), ('2026-07-19 06:55:44', 2)]"}
{"ts": "2026-07-19T09:47:41Z", "level": "DEBUG", "name": "swiftioc", "msg": "collect threatfox_export_json 925 in 2.09s"}
{"ts": "2026-07-19T09:47:41Z", "level": "DEBUG", "name": "swiftioc", "msg": "summary threatfox_export_json types={'url': 257, 'domain': 328, 'ipv4': 224, 'ipv6': 0, 'ipv4_cidr': 0, 'ipv6_cidr': 0, 'md5': 34, 'sha1': 34, 'sha256': 48, 'sha512': 0, 'cve': 0, 'email': 0, 'btc_address': 0, 'ja3': 0, 'ja3s': 0} tags_top=[('threatfox', 925), ('ClickFix', 287), ('JokerStat', 251), ('TDS', 251), ('ClearFake', 217)]"}
{"ts": "2026-07-19T09:47:42Z", "level": "DEBUG", "name": "swiftioc", "msg": "collect tor_exit_nodes 1421 in 1.69s"}
{"ts": "2026-07-19T09:47:42Z", "level": "DEBUG", "name": "swiftioc", "msg": "summary tor_exit_nodes types={'url': 0, 'domain': 0, 'ipv4': 1421, 'ipv6': 0, 'ipv4_cidr': 0, 'ipv6_cidr': 0, 'md5': 0, 'sha1': 0, 'sha256': 0, 'sha512': 0, 'cve': 0, 'email': 0, 'btc_address': 0, 'ja3': 0, 'ja3s': 0} tags_top=[('blocklist', 1421), ('exit-node', 1421), ('tor', 1421)]"}
{"ts": "2026-07-19T09:47:42Z", "level": "DEBUG", "name": "swiftioc", "msg": "HTTP 200 0.46s https://services.nvd.nist.gov/rest/json/cves/2.0/?resultsPerPage=200&lastModStartDate=2026-07-17T09%3A47%3A39.000&lastModEndDate=2026-07-19T09%3A47%3A39.000 [nist_nvd_recent]"}
{"ts": "2026-07-19T09:47:42Z", "level": "DEBUG", "name": "swiftioc", "msg": "HTTP 200 1.13s https://binarydefense.com/banlist.txt [binarydefense_banlist]"}
{"ts": "2026-07-19T09:47:42Z", "level": "DEBUG", "name": "swiftioc", "msg": "collect nist_nvd_recent 0 in 2.29s"}
{"ts": "2026-07-19T09:47:42Z", "level": "DEBUG", "name": "swiftioc", "msg": "summary nist_nvd_recent types={'url': 0, 'domain': 0, 'ipv4': 0, 'ipv6': 0, 'ipv4_cidr': 0, 'ipv6_cidr': 0, 'md5': 0, 'sha1': 0, 'sha256': 0, 'sha512': 0, 'cve': 0, 'email': 0, 'btc_address': 0, 'ja3': 0, 'ja3s': 0} tags_top=[]"}
{"ts": "2026-07-19T09:47:42Z", "level": "DEBUG", "name": "swiftioc", "msg": "collect binarydefense_banlist 2819 in 1.18s"}
{"ts": "2026-07-19T09:47:42Z", "level": "DEBUG", "name": "swiftioc", "msg": "summary binarydefense_banlist types={'url': 0, 'domain': 0, 'ipv4': 2819, 'ipv6': 0, 'ipv4_cidr': 0, 'ipv6_cidr': 0, 'md5': 0, 'sha1': 0, 'sha256': 0, 'sha512': 0, 'cve': 0, 'email': 0, 'btc_address': 0, 'ja3': 0, 'ja3s': 0} tags_top=[('binarydefense', 2819), ('blocklist', 2819), ('scanner', 2819)]"}
{"ts": "2026-07-19T09:47:44Z", "level": "INFO", "name": "swiftioc", "msg": "Persisted feed: carried forward 1643 indicators from previous run"}
{"ts": "2026-07-19T09:47:47Z", "level": "INFO", "name": "swiftioc", "msg": "Retained top 10000 indicators (pruned 24190 over --max-store)"}
{"ts": "2026-07-19T09:47:48Z", "level": "INFO", "name": "swiftioc", "msg": "High-confidence feed: 8570 of 10000 indicators (score>=80 or 2+ sources)"}
{"ts": "2026-07-19T09:47:48Z", "level": "INFO", "name": "swiftioc", "msg": "Dashboard feed: top 1000 rows written"}
{"ts": "2026-07-19T09:47:49Z", "level": "INFO", "name": "swiftioc", "msg": "MISP feed: 8570 attributes in public/misp"}
{"ts": "2026-07-19T09:47:49Z", "level": "INFO", "name": "swiftioc", "msg": "RSS feed: 50 items written"}
{"ts": "2026-07-19T09:47:50Z", "level": "INFO", "name": "swiftioc", "msg": "Wrote 10000 indicators to public/iocs"}
{"ts": "2026-07-19T09:47:50Z", "level": "INFO", "name": "swiftioc", "msg": "Per-source counts: {'cisa_kev': 1647, 'nist_nvd_recent': 0, 'urlhaus_recent_urls': 319, 'malwarebazaar_recent': 638, 'threatfox_export_json': 925, 'feodo_ipblocklist': 5, 'sslbl_ja3': 97, 'openphish_feed': 300, 'spamhaus_drop': 1678, 'blocklist_de_ssh': 4988, 'greensnow_blocklist': 3568, 'ci_army_list': 15000, 'tor_exit_nodes': 1421, 'et_compromised': 578, 'binarydefense_banlist': 2819, 'ipsum_level5': 2279}"}
{"ts": "2026-07-19T13:06:00Z", "level": "DEBUG", "name": "swiftioc", "msg": "HTTP 200 0.12s https://www.cisa.gov/sites/default/files/feeds/known_exploited_vulnerabilities.json [cisa_kev]"}
{"ts": "2026-07-19T13:06:00Z", "level": "DEBUG", "name": "swiftioc", "msg": "HTTP 200 0.18s https://feodotracker.abuse.ch/downloads/ipblocklist.csv [feodo_ipblocklist]"}
{"ts": "2026-07-19T13:06:00Z", "level": "DEBUG", "name": "swiftioc", "msg": "collect cisa_kev 1647 in 0.22s"}
{"ts": "2026-07-19T13:06:00Z", "level": "DEBUG", "name": "swiftioc", "msg": "collect feodo_ipblocklist 5 in 0.21s"}
{"ts": "2026-07-19T13:06:00Z", "level": "DEBUG", "name": "swiftioc", "msg": "summary feodo_ipblocklist types={'url': 0, 'domain': 0, 'ipv4': 5, 'ipv6': 0, 'ipv4_cidr': 0, 'ipv6_cidr': 0, 'md5': 0, 'sha1': 0, 'sha256': 0, 'sha512': 0, 'cve': 0, 'email': 0, 'btc_address': 0, 'ja3': 0, 'ja3s': 0} tags_top=[('feodo', 5), ('c2', 5), ('QakBot', 4), ('Emotet', 1)]"}
{"ts": "2026-07-19T13:06:00Z", "level": "DEBUG", "name": "swiftioc", "msg": "summary cisa_kev types={'url': 0, 'domain': 0, 'ipv4': 0, 'ipv6': 0, 'ipv4_cidr': 0, 'ipv6_cidr': 0, 'md5': 0, 'sha1': 0, 'sha256': 0, 'sha512': 0, 'cve': 1647, 'email': 0, 'btc_address': 0, 'ja3': 0, 'ja3s': 0} tags_top=[('cve', 1647), ('exploited-in-the-wild', 1647)]"}
{"ts": "2026-07-19T13:06:00Z", "level": "DEBUG", "name": "swiftioc", "msg": "HTTP 200 0.13s https://threatfox.abuse.ch/export/json/recent/ [threatfox_export_json]"}
{"ts": "2026-07-19T13:06:00Z", "level": "DEBUG", "name": "swiftioc", "msg": "HTTP 200 0.17s https://www.spamhaus.org/drop/drop.txt [spamhaus_drop]"}
{"ts": "2026-07-19T13:06:00Z", "level": "DEBUG", "name": "swiftioc", "msg": "collect threatfox_export_json 927 in 0.46s"}
{"ts": "2026-07-19T13:06:00Z", "level": "DEBUG", "name": "swiftioc", "msg": "summary threatfox_export_json types={'url': 251, 'domain': 331, 'ipv4': 229, 'ipv6': 0, 'ipv4_cidr': 0, 'ipv6_cidr': 0, 'md5': 34, 'sha1': 34, 'sha256': 48, 'sha512': 0, 'cve': 0, 'email': 0, 'btc_address': 0, 'ja3': 0, 'ja3s': 0} tags_top=[('threatfox', 927), ('ClickFix', 292), ('JokerStat', 251), ('TDS', 251), ('ClearFake', 227)]"}
{"ts": "2026-07-19T13:06:00Z", "level": "DEBUG", "name": "swiftioc", "msg": "collect spamhaus_drop 1678 in 0.27s"}
{"ts": "2026-07-19T13:06:00Z", "level": "DEBUG", "name": "swiftioc", "msg": "summary spamhaus_drop types={'url': 0, 'domain': 0, 'ipv4': 0, 'ipv6': 0, 'ipv4_cidr': 1678, 'ipv6_cidr': 0, 'md5': 0, 'sha1': 0, 'sha256': 0, 'sha512': 0, 'cve': 0, 'email': 0, 'btc_address': 0, 'ja3': 0, 'ja3s': 0} tags_top=[('spamhaus', 1678), ('drop', 1678)]"}
{"ts": "2026-07-19T13:06:00Z", "level": "DEBUG", "name": "swiftioc", "msg": "HTTP 200 0.27s https://lists.blocklist.de/lists/ssh.txt [blocklist_de_ssh]"}
{"ts": "2026-07-19T13:06:00Z", "level": "DEBUG", "name": "swiftioc", "msg": "HTTP 200 0.50s https://sslbl.abuse.ch/blacklist/ja3_fingerprints.csv [sslbl_ja3]"}
{"ts": "2026-07-19T13:06:00Z", "level": "DEBUG", "name": "swiftioc", "msg": "collect sslbl_ja3 97 in 0.54s"}
{"ts": "2026-07-19T13:06:00Z", "level": "DEBUG", "name": "swiftioc", "msg": "summary sslbl_ja3 types={'url': 0, 'domain': 0, 'ipv4': 0, 'ipv6': 0, 'ipv4_cidr': 0, 'ipv6_cidr': 0, 'md5': 0, 'sha1': 0, 'sha256': 0, 'sha512': 0, 'cve': 0, 'email': 0, 'btc_address': 0, 'ja3': 97, 'ja3s': 0} tags_top=[('sslbl', 97), ('tls', 97), ('fingerprint', 97), ('Tofsee', 45), ('Adware', 24)]"}
{"ts": "2026-07-19T13:06:00Z", "level": "DEBUG", "name": "swiftioc", "msg": "collect blocklist_de_ssh 4969 in 0.34s"}
{"ts": "2026-07-19T13:06:00Z", "level": "DEBUG", "name": "swiftioc", "msg": "summary blocklist_de_ssh types={'url': 0, 'domain': 0, 'ipv4': 4966, 'ipv6': 3, 'ipv4_cidr': 0, 'ipv6_cidr': 0, 'md5': 0, 'sha1': 0, 'sha256': 0, 'sha512': 0, 'cve': 0, 'email': 0, 'btc_address': 0, 'ja3': 0, 'ja3s': 0} tags_top=[('blocklist', 4969), ('bruteforce', 4969), ('ssh', 4969)]"}
{"ts": "2026-07-19T13:06:00Z", "level": "DEBUG", "name": "swiftioc", "msg": "HTTP 200 0.38s https://bazaar.abuse.ch/export/csv/recent/ [malwarebazaar_recent]"}
{"ts": "2026-07-19T13:06:00Z", "level": "DEBUG", "name": "swiftioc", "msg": "collect malwarebazaar_recent 605 in 0.62s"}
{"ts": "2026-07-19T13:06:00Z", "level": "DEBUG", "name": "swiftioc", "msg": "summary malwarebazaar_recent types={'url': 0, 'domain': 0, 'ipv4': 0, 'ipv6': 0, 'ipv4_cidr': 0, 'ipv6_cidr': 0, 'md5': 0, 'sha1': 0, 'sha256': 605, 'sha512': 0, 'cve': 0, 'email': 0, 'btc_address': 0, 'ja3': 0, 'ja3s': 0} tags_top=[('malware', 605), ('Mirai', 273), ('Efimer', 38), ('RemusStealer', 18), ('Vidar', 17)]"}
{"ts": "2026-07-19T13:06:00Z", "level": "DEBUG", "name": "swiftioc", "msg": "HTTP 200 0.13s https://urlhaus.abuse.ch/downloads/csv_recent/ [urlhaus_recent_urls]"}
{"ts": "2026-07-19T13:06:00Z", "level": "DEBUG", "name": "swiftioc", "msg": "HTTP 200 0.85s https://raw.githubusercontent.com/openphish/public_feed/refs/heads/main/feed.txt [openphish_feed]"}
{"ts": "2026-07-19T13:06:00Z", "level": "DEBUG", "name": "swiftioc", "msg": "collect openphish_feed 300 in 0.90s"}
{"ts": "2026-07-19T13:06:00Z", "level": "DEBUG", "name": "swiftioc", "msg": "summary openphish_feed types={'url': 300, 'domain': 0, 'ipv4': 0, 'ipv6': 0, 'ipv4_cidr': 0, 'ipv6_cidr': 0, 'md5': 0, 'sha1': 0, 'sha256': 0, 'sha512': 0, 'cve': 0, 'email': 0, 'btc_address': 0, 'ja3': 0, 'ja3s': 0} tags_top=[('phishing', 300), ('openphish', 300)]"}
{"ts": "2026-07-19T13:06:00Z", "level": "DEBUG", "name": "swiftioc", "msg": "HTTP 200 0.25s https://cinsscore.com/list/ci-badguys.txt [ci_army_list]"}
{"ts": "2026-07-19T13:06:01Z", "level": "DEBUG", "name": "swiftioc", "msg": "HTTP 200 0.46s https://rules.emergingthreats.net/blockrules/compromised-ips.txt [et_compromised]"}
{"ts": "2026-07-19T13:06:01Z", "level": "DEBUG", "name": "swiftioc", "msg": "collect et_compromised 578 in 0.52s"}
{"ts": "2026-07-19T13:06:01Z", "level": "DEBUG", "name": "swiftioc", "msg": "summary et_compromised types={'url': 0, 'domain': 0, 'ipv4': 578, 'ipv6': 0, 'ipv4_cidr': 0, 'ipv6_cidr': 0, 'md5': 0, 'sha1': 0, 'sha256': 0, 'sha512': 0, 'cve': 0, 'email': 0, 'btc_address': 0, 'ja3': 0, 'ja3s': 0} tags_top=[('blocklist', 578), ('compromised', 578), ('emerging-threats', 578)]"}
{"ts": "2026-07-19T13:06:01Z", "level": "DEBUG", "name": "swiftioc", "msg": "HTTP 200 0.12s https://raw.githubusercontent.com/stamparm/ipsum/master/levels/5.txt [ipsum_level5]"}
{"ts": "2026-07-19T13:06:01Z", "level": "DEBUG", "name": "swiftioc", "msg": "collect ipsum_level5 2279 in 0.42s"}
{"ts": "2026-07-19T13:06:01Z", "level": "DEBUG", "name": "swiftioc", "msg": "summary ipsum_level5 types={'url': 0, 'domain': 0, 'ipv4': 2279, 'ipv6': 0, 'ipv4_cidr': 0, 'ipv6_cidr': 0, 'md5': 0, 'sha1': 0, 'sha256': 0, 'sha512': 0, 'cve': 0, 'email': 0, 'btc_address': 0, 'ja3': 0, 'ja3s': 0} tags_top=[('aggregated', 2279), ('blocklist', 2279), ('ipsum', 2279), ('multi-list', 2279)]"}
{"ts": "2026-07-19T13:06:01Z", "level": "DEBUG", "name": "swiftioc", "msg": "collect ci_army_list 15000 in 0.97s"}
{"ts": "2026-07-19T13:06:01Z", "level": "DEBUG", "name": "swiftioc", "msg": "summary ci_army_list types={'url': 0, 'domain': 0, 'ipv4': 15000, 'ipv6': 0, 'ipv4_cidr': 0, 'ipv6_cidr': 0, 'md5': 0, 'sha1': 0, 'sha256': 0, 'sha512': 0, 'cve': 0, 'email': 0, 'btc_address': 0, 'ja3': 0, 'ja3s': 0} tags_top=[('blocklist', 15000), ('cins', 15000), ('scanner', 15000)]"}
{"ts": "2026-07-19T13:06:01Z", "level": "DEBUG", "name": "swiftioc", "msg": "HTTP 200 0.93s https://blocklist.greensnow.co/greensnow.txt [greensnow_blocklist]"}
{"ts": "2026-07-19T13:06:01Z", "level": "DEBUG", "name": "swiftioc", "msg": "collect greensnow_blocklist 2886 in 1.20s"}
{"ts": "2026-07-19T13:06:01Z", "level": "DEBUG", "name": "swiftioc", "msg": "summary greensnow_blocklist types={'url': 0, 'domain': 0, 'ipv4': 2886, 'ipv6': 0, 'ipv4_cidr': 0, 'ipv6_cidr': 0, 'md5': 0, 'sha1': 0, 'sha256': 0, 'sha512': 0, 'cve': 0, 'email': 0, 'btc_address': 0, 'ja3': 0, 'ja3s': 0} tags_top=[('blocklist', 2886), ('greensnow', 2886)]"}
{"ts": "2026-07-19T13:06:01Z", "level": "DEBUG", "name": "swiftioc", "msg": "HTTP 200 1.05s https://binarydefense.com/banlist.txt [binarydefense_banlist]"}
{"ts": "2026-07-19T13:06:01Z", "level": "DEBUG", "name": "swiftioc", "msg": "collect binarydefense_banlist 2819 in 1.16s"}
{"ts": "2026-07-19T13:06:01Z", "level": "DEBUG", "name": "swiftioc", "msg": "summary binarydefense_banlist types={'url': 0, 'domain': 0, 'ipv4': 2819, 'ipv6': 0, 'ipv4_cidr': 0, 'ipv6_cidr': 0, 'md5': 0, 'sha1': 0, 'sha256': 0, 'sha512': 0, 'cve': 0, 'email': 0, 'btc_address': 0, 'ja3': 0, 'ja3s': 0} tags_top=[('binarydefense', 2819), ('blocklist', 2819), ('scanner', 2819)]"}
{"ts": "2026-07-19T13:06:01Z", "level": "DEBUG", "name": "swiftioc", "msg": "HTTP 200 0.71s https://check.torproject.org/exit-addresses [tor_exit_nodes]"}
{"ts": "2026-07-19T13:06:02Z", "level": "DEBUG", "name": "swiftioc", "msg": "collect urlhaus_recent_urls 324 in 2.12s"}
{"ts": "2026-07-19T13:06:02Z", "level": "DEBUG", "name": "swiftioc", "msg": "summary urlhaus_recent_urls types={'url': 324, 'domain': 0, 'ipv4': 0, 'ipv6': 0, 'ipv4_cidr': 0, 'ipv6_cidr': 0, 'md5': 0, 'sha1': 0, 'sha256': 0, 'sha512': 0, 'cve': 0, 'email': 0, 'btc_address': 0, 'ja3': 0, 'ja3s': 0} tags_top=[('malware', 324), ('2026-07-19 12:02:55', 3), ('2026-07-19 12:02:22', 2), ('2026-07-19 11:53:16', 2), ('2026-07-19 12:59:49', 2)]"}
{"ts": "2026-07-19T13:06:02Z", "level": "DEBUG", "name": "swiftioc", "msg": "collect tor_exit_nodes 1422 in 1.62s"}
{"ts": "2026-07-19T13:06:02Z", "level": "DEBUG", "name": "swiftioc", "msg": "summary tor_exit_nodes types={'url': 0, 'domain': 0, 'ipv4': 1422, 'ipv6': 0, 'ipv4_cidr': 0, 'ipv6_cidr': 0, 'md5': 0, 'sha1': 0, 'sha256': 0, 'sha512': 0, 'cve': 0, 'email': 0, 'btc_address': 0, 'ja3': 0, 'ja3s': 0} tags_top=[('blocklist', 1422), ('exit-node', 1422), ('tor', 1422)]"}
{"ts": "2026-07-19T13:06:02Z", "level": "DEBUG", "name": "swiftioc", "msg": "HTTP 200 0.39s https://services.nvd.nist.gov/rest/json/cves/2.0/?resultsPerPage=200&lastModStartDate=2026-07-17T13%3A05%3A59.000&lastModEndDate=2026-07-19T13%3A05%3A59.000 [nist_nvd_recent]"}
{"ts": "2026-07-19T13:06:02Z", "level": "DEBUG", "name": "swiftioc", "msg": "collect nist_nvd_recent 0 in 2.29s"}
{"ts": "2026-07-19T13:06:02Z", "level": "DEBUG", "name": "swiftioc", "msg": "summary nist_nvd_recent types={'url': 0, 'domain': 0, 'ipv4': 0, 'ipv6': 0, 'ipv4_cidr': 0, 'ipv6_cidr': 0, 'md5': 0, 'sha1': 0, 'sha256': 0, 'sha512': 0, 'cve': 0, 'email': 0, 'btc_address': 0, 'ja3': 0, 'ja3s': 0} tags_top=[]"}
{"ts": "2026-07-19T13:06:04Z", "level": "INFO", "name": "swiftioc", "msg": "Persisted feed: carried forward 1625 indicators from previous run"}
{"ts": "2026-07-19T13:06:07Z", "level": "INFO", "name": "swiftioc", "msg": "Retained top 10000 indicators (pruned 23714 over --max-store)"}
{"ts": "2026-07-19T13:06:08Z", "level": "INFO", "name": "swiftioc", "msg": "High-confidence feed: 8548 of 10000 indicators (score>=80 or 2+ sources)"}
{"ts": "2026-07-19T13:06:08Z", "level": "INFO", "name": "swiftioc", "msg": "Dashboard feed: top 1000 rows written"}
{"ts": "2026-07-19T13:06:09Z", "level": "INFO", "name": "swiftioc", "msg": "MISP feed: 8548 attributes in public/misp"}
{"ts": "2026-07-19T13:06:09Z", "level": "INFO", "name": "swiftioc", "msg": "RSS feed: 50 items written"}
{"ts": "2026-07-19T13:06:09Z", "level": "INFO", "name": "swiftioc", "msg": "Wrote 10000 indicators to public/iocs"}
{"ts": "2026-07-19T13:06:09Z", "level": "INFO", "name": "swiftioc", "msg": "Per-source counts: {'cisa_kev': 1647, 'nist_nvd_recent': 0, 'urlhaus_recent_urls': 324, 'malwarebazaar_recent': 605, 'threatfox_export_json': 927, 'feodo_ipblocklist': 5, 'sslbl_ja3': 97, 'openphish_feed': 300, 'spamhaus_drop': 1678, 'blocklist_de_ssh': 4969, 'greensnow_blocklist': 2886, 'ci_army_list': 15000, 'tor_exit_nodes': 1422, 'et_compromised': 578, 'binarydefense_banlist': 2819, 'ipsum_level5': 2279}"}
{"ts": "2026-07-19T16:52:46Z", "level": "DEBUG", "name": "swiftioc", "msg": "HTTP 200 0.12s https://sslbl.abuse.ch/blacklist/ja3_fingerprints.csv [sslbl_ja3]"}
{"ts": "2026-07-19T16:52:46Z", "level": "DEBUG", "name": "swiftioc", "msg": "collect sslbl_ja3 97 in 0.13s"}
{"ts": "2026-07-19T16:52:46Z", "level": "DEBUG", "name": "swiftioc", "msg": "summary sslbl_ja3 types={'url': 0, 'domain': 0, 'ipv4': 0, 'ipv6': 0, 'ipv4_cidr': 0, 'ipv6_cidr': 0, 'md5': 0, 'sha1': 0, 'sha256': 0, 'sha512': 0, 'cve': 0, 'email': 0, 'btc_address': 0, 'ja3': 97, 'ja3s': 0} tags_top=[('sslbl', 97), ('tls', 97), ('fingerprint', 97), ('Tofsee', 45), ('Adware', 24)]"}
{"ts": "2026-07-19T16:52:46Z", "level": "DEBUG", "name": "swiftioc", "msg": "HTTP 200 0.10s https://bazaar.abuse.ch/export/csv/recent/ [malwarebazaar_recent]"}
{"ts": "2026-07-19T16:52:46Z", "level": "DEBUG", "name": "swiftioc", "msg": "HTTP 200 0.11s https://www.cisa.gov/sites/default/files/feeds/known_exploited_vulnerabilities.json [cisa_kev]"}
{"ts": "2026-07-19T16:52:46Z", "level": "DEBUG", "name": "swiftioc", "msg": "collect malwarebazaar_recent 657 in 0.25s"}
{"ts": "2026-07-19T16:52:46Z", "level": "DEBUG", "name": "swiftioc", "msg": "summary malwarebazaar_recent types={'url': 0, 'domain': 0, 'ipv4': 0, 'ipv6': 0, 'ipv4_cidr': 0, 'ipv6_cidr': 0, 'md5': 0, 'sha1': 0, 'sha256': 657, 'sha512': 0, 'cve': 0, 'email': 0, 'btc_address': 0, 'ja3': 0, 'ja3s': 0} tags_top=[('malware', 657), ('Mirai', 315), ('Efimer', 35), ('Vidar', 19), ('RemusStealer', 18)]"}
{"ts": "2026-07-19T16:52:46Z", "level": "DEBUG", "name": "swiftioc", "msg": "HTTP 200 0.26s https://feodotracker.abuse.ch/downloads/ipblocklist.csv [feodo_ipblocklist]"}
{"ts": "2026-07-19T16:52:46Z", "level": "DEBUG", "name": "swiftioc", "msg": "collect feodo_ipblocklist 5 in 0.30s"}
{"ts": "2026-07-19T16:52:46Z", "level": "DEBUG", "name": "swiftioc", "msg": "summary feodo_ipblocklist types={'url': 0, 'domain': 0, 'ipv4': 5, 'ipv6': 0, 'ipv4_cidr': 0, 'ipv6_cidr': 0, 'md5': 0, 'sha1': 0, 'sha256': 0, 'sha512': 0, 'cve': 0, 'email': 0, 'btc_address': 0, 'ja3': 0, 'ja3s': 0} tags_top=[('feodo', 5), ('c2', 5), ('QakBot', 4), ('Emotet', 1)]"}
{"ts": "2026-07-19T16:52:46Z", "level": "DEBUG", "name": "swiftioc", "msg": "collect cisa_kev 1647 in 0.33s"}
{"ts": "2026-07-19T16:52:46Z", "level": "DEBUG", "name": "swiftioc", "msg": "summary cisa_kev types={'url': 0, 'domain': 0, 'ipv4': 0, 'ipv6': 0, 'ipv4_cidr': 0, 'ipv6_cidr': 0, 'md5': 0, 'sha1': 0, 'sha256': 0, 'sha512': 0, 'cve': 1647, 'email': 0, 'btc_address': 0, 'ja3': 0, 'ja3s': 0} tags_top=[('cve', 1647), ('exploited-in-the-wild', 1647)]"}
{"ts": "2026-07-19T16:52:46Z", "level": "DEBUG", "name": "swiftioc", "msg": "HTTP 200 0.10s https://threatfox.abuse.ch/export/json/recent/ [threatfox_export_json]"}
{"ts": "2026-07-19T16:52:46Z", "level": "DEBUG", "name": "swiftioc", "msg": "HTTP 200 0.19s https://www.spamhaus.org/drop/drop.txt [spamhaus_drop]"}
{"ts": "2026-07-19T16:52:46Z", "level": "DEBUG", "name": "swiftioc", "msg": "collect spamhaus_drop 1678 in 0.25s"}
{"ts": "2026-07-19T16:52:46Z", "level": "DEBUG", "name": "swiftioc", "msg": "summary spamhaus_drop types={'url': 0, 'domain': 0, 'ipv4': 0, 'ipv6': 0, 'ipv4_cidr': 1678, 'ipv6_cidr': 0, 'md5': 0, 'sha1': 0, 'sha256': 0, 'sha512': 0, 'cve': 0, 'email': 0, 'btc_address': 0, 'ja3': 0, 'ja3s': 0} tags_top=[('spamhaus', 1678), ('drop', 1678)]"}
{"ts": "2026-07-19T16:52:46Z", "level": "DEBUG", "name": "swiftioc", "msg": "HTTP 200 0.21s https://lists.blocklist.de/lists/ssh.txt [blocklist_de_ssh]"}
{"ts": "2026-07-19T16:52:46Z", "level": "DEBUG", "name": "swiftioc", "msg": "collect threatfox_export_json 949 in 0.64s"}
{"ts": "2026-07-19T16:52:46Z", "level": "DEBUG", "name": "swiftioc", "msg": "summary threatfox_export_json types={'url': 251, 'domain': 346, 'ipv4': 236, 'ipv6': 0, 'ipv4_cidr': 0, 'ipv6_cidr': 0, 'md5': 34, 'sha1': 34, 'sha256': 48, 'sha512': 0, 'cve': 0, 'email': 0, 'btc_address': 0, 'ja3': 0, 'ja3s': 0} tags_top=[('threatfox', 949), ('ClickFix', 299), ('JokerStat', 251), ('TDS', 251), ('ClearFake', 240)]"}
{"ts": "2026-07-19T16:52:46Z", "level": "DEBUG", "name": "swiftioc", "msg": "HTTP 200 0.64s https://raw.githubusercontent.com/openphish/public_feed/refs/heads/main/feed.txt [openphish_feed]"}
{"ts": "2026-07-19T16:52:46Z", "level": "DEBUG", "name": "swiftioc", "msg": "collect blocklist_de_ssh 4974 in 0.44s"}
{"ts": "2026-07-19T16:52:46Z", "level": "DEBUG", "name": "swiftioc", "msg": "summary blocklist_de_ssh types={'url': 0, 'domain': 0, 'ipv4': 4970, 'ipv6': 4, 'ipv4_cidr': 0, 'ipv6_cidr': 0, 'md5': 0, 'sha1': 0, 'sha256': 0, 'sha512': 0, 'cve': 0, 'email': 0, 'btc_address': 0, 'ja3': 0, 'ja3s': 0} tags_top=[('blocklist', 4974), ('bruteforce', 4974), ('ssh', 4974)]"}
{"ts": "2026-07-19T16:52:46Z", "level": "DEBUG", "name": "swiftioc", "msg": "collect openphish_feed 300 in 0.70s"}
{"ts": "2026-07-19T16:52:46Z", "level": "DEBUG", "name": "swiftioc", "msg": "summary openphish_feed types={'url': 300, 'domain': 0, 'ipv4': 0, 'ipv6': 0, 'ipv4_cidr': 0, 'ipv6_cidr': 0, 'md5': 0, 'sha1': 0, 'sha256': 0, 'sha512': 0, 'cve': 0, 'email': 0, 'btc_address': 0, 'ja3': 0, 'ja3s': 0} tags_top=[('phishing', 300), ('openphish', 300)]"}
{"ts": "2026-07-19T16:52:46Z", "level": "DEBUG", "name": "swiftioc", "msg": "HTTP 200 0.29s https://services.nvd.nist.gov/rest/json/cves/2.0/?resultsPerPage=200&lastModStartDate=2026-07-17T16%3A52%3A45.000&lastModEndDate=2026-07-19T16%3A52%3A45.000 [nist_nvd_recent]"}
{"ts": "2026-07-19T16:52:46Z", "level": "DEBUG", "name": "swiftioc", "msg": "HTTP 200 0.00s https://raw.githubusercontent.com/stamparm/ipsum/master/levels/5.txt [ipsum_level5]"}
{"ts": "2026-07-19T16:52:46Z", "level": "DEBUG", "name": "swiftioc", "msg": "collect ipsum_level5 2279 in 0.06s"}
{"ts": "2026-07-19T16:52:46Z", "level": "DEBUG", "name": "swiftioc", "msg": "summary ipsum_level5 types={'url': 0, 'domain': 0, 'ipv4': 2279, 'ipv6': 0, 'ipv4_cidr': 0, 'ipv6_cidr': 0, 'md5': 0, 'sha1': 0, 'sha256': 0, 'sha512': 0, 'cve': 0, 'email': 0, 'btc_address': 0, 'ja3': 0, 'ja3s': 0} tags_top=[('aggregated', 2279), ('blocklist', 2279), ('ipsum', 2279), ('multi-list', 2279)]"}
{"ts": "2026-07-19T16:52:46Z", "level": "DEBUG", "name": "swiftioc", "msg": "collect nist_nvd_recent 0 in 0.78s"}
{"ts": "2026-07-19T16:52:46Z", "level": "DEBUG", "name": "swiftioc", "msg": "summary nist_nvd_recent types={'url': 0, 'domain': 0, 'ipv4': 0, 'ipv6': 0, 'ipv4_cidr': 0, 'ipv6_cidr': 0, 'md5': 0, 'sha1': 0, 'sha256': 0, 'sha512': 0, 'cve': 0, 'email': 0, 'btc_address': 0, 'ja3': 0, 'ja3s': 0} tags_top=[]"}
{"ts": "2026-07-19T16:52:46Z", "level": "DEBUG", "name": "swiftioc", "msg": "HTTP 200 0.14s https://urlhaus.abuse.ch/downloads/csv_recent/ [urlhaus_recent_urls]"}
{"ts": "2026-07-19T16:52:46Z", "level": "DEBUG", "name": "swiftioc", "msg": "HTTP 200 0.34s https://cinsscore.com/list/ci-badguys.txt [ci_army_list]"}
{"ts": "2026-07-19T16:52:46Z", "level": "DEBUG", "name": "swiftioc", "msg": "HTTP 200 0.27s https://rules.emergingthreats.net/blockrules/compromised-ips.txt [et_compromised]"}
{"ts": "2026-07-19T16:52:47Z", "level": "DEBUG", "name": "swiftioc", "msg": "collect ci_army_list 15000 in 0.76s"}
{"ts": "2026-07-19T16:52:47Z", "level": "DEBUG", "name": "swiftioc", "msg": "HTTP 200 0.54s https://blocklist.greensnow.co/greensnow.txt [greensnow_blocklist]"}
{"ts": "2026-07-19T16:52:47Z", "level": "DEBUG", "name": "swiftioc", "msg": "summary ci_army_list types={'url': 0, 'domain': 0, 'ipv4': 15000, 'ipv6': 0, 'ipv4_cidr': 0, 'ipv6_cidr': 0, 'md5': 0, 'sha1': 0, 'sha256': 0, 'sha512': 0, 'cve': 0, 'email': 0, 'btc_address': 0, 'ja3': 0, 'ja3s': 0} tags_top=[('blocklist', 15000), ('cins', 15000), ('scanner', 15000)]"}
{"ts": "2026-07-19T16:52:47Z", "level": "DEBUG", "name": "swiftioc", "msg": "collect et_compromised 578 in 0.49s"}
{"ts": "2026-07-19T16:52:47Z", "level": "DEBUG", "name": "swiftioc", "msg": "summary et_compromised types={'url': 0, 'domain': 0, 'ipv4': 578, 'ipv6': 0, 'ipv4_cidr': 0, 'ipv6_cidr': 0, 'md5': 0, 'sha1': 0, 'sha256': 0, 'sha512': 0, 'cve': 0, 'email': 0, 'btc_address': 0, 'ja3': 0, 'ja3s': 0} tags_top=[('blocklist', 578), ('compromised', 578), ('emerging-threats', 578)]"}
{"ts": "2026-07-19T16:52:47Z", "level": "DEBUG", "name": "swiftioc", "msg": "collect greensnow_blocklist 2893 in 0.89s"}
{"ts": "2026-07-19T16:52:47Z", "level": "DEBUG", "name": "swiftioc", "msg": "summary greensnow_blocklist types={'url': 0, 'domain': 0, 'ipv4': 2893, 'ipv6': 0, 'ipv4_cidr': 0, 'ipv6_cidr': 0, 'md5': 0, 'sha1': 0, 'sha256': 0, 'sha512': 0, 'cve': 0, 'email': 0, 'btc_address': 0, 'ja3': 0, 'ja3s': 0} tags_top=[('blocklist', 2893), ('greensnow', 2893)]"}
{"ts": "2026-07-19T16:52:47Z", "level": "DEBUG", "name": "swiftioc", "msg": "HTTP 200 0.46s https://check.torproject.org/exit-addresses [tor_exit_nodes]"}
{"ts": "2026-07-19T16:52:47Z", "level": "DEBUG", "name": "swiftioc", "msg": "HTTP 200 0.82s https://binarydefense.com/banlist.txt [binarydefense_banlist]"}
{"ts": "2026-07-19T16:52:47Z", "level": "DEBUG", "name": "swiftioc", "msg": "collect binarydefense_banlist 2819 in 1.01s"}
{"ts": "2026-07-19T16:52:47Z", "level": "DEBUG", "name": "swiftioc", "msg": "summary binarydefense_banlist types={'url': 0, 'domain': 0, 'ipv4': 2819, 'ipv6': 0, 'ipv4_cidr': 0, 'ipv6_cidr': 0, 'md5': 0, 'sha1': 0, 'sha256': 0, 'sha512': 0, 'cve': 0, 'email': 0, 'btc_address': 0, 'ja3': 0, 'ja3s': 0} tags_top=[('binarydefense', 2819), ('blocklist', 2819), ('scanner', 2819)]"}
{"ts": "2026-07-19T16:52:47Z", "level": "DEBUG", "name": "swiftioc", "msg": "collect tor_exit_nodes 1423 in 1.40s"}
{"ts": "2026-07-19T16:52:47Z", "level": "DEBUG", "name": "swiftioc", "msg": "summary tor_exit_nodes types={'url': 0, 'domain': 0, 'ipv4': 1423, 'ipv6': 0, 'ipv4_cidr': 0, 'ipv6_cidr': 0, 'md5': 0, 'sha1': 0, 'sha256': 0, 'sha512': 0, 'cve': 0, 'email': 0, 'btc_address': 0, 'ja3': 0, 'ja3s': 0} tags_top=[('blocklist', 1423), ('exit-node', 1423), ('tor', 1423)]"}
{"ts": "2026-07-19T16:52:48Z", "level": "DEBUG", "name": "swiftioc", "msg": "collect urlhaus_recent_urls 378 in 2.26s"}
{"ts": "2026-07-19T16:52:48Z", "level": "DEBUG", "name": "swiftioc", "msg": "summary urlhaus_recent_urls types={'url': 378, 'domain': 0, 'ipv4': 0, 'ipv6': 0, 'ipv4_cidr': 0, 'ipv6_cidr': 0, 'md5': 0, 'sha1': 0, 'sha256': 0, 'sha512': 0, 'cve': 0, 'email': 0, 'btc_address': 0, 'ja3': 0, 'ja3s': 0} tags_top=[('malware', 378), ('2026-07-19 16:12:23', 7), ('2026-07-19 16:33:33', 6), ('2026-07-19 16:27:29', 5), ('2026-07-19 16:33:31', 3)]"}
{"ts": "2026-07-19T16:52:49Z", "level": "INFO", "name": "swiftioc", "msg": "Persisted feed: carried forward 1622 indicators from previous run"}
{"ts": "2026-07-19T16:52:53Z", "level": "INFO", "name": "swiftioc", "msg": "Retained top 10000 indicators (pruned 23827 over --max-store)"}
{"ts": "2026-07-19T16:52:54Z", "level": "INFO", "name": "swiftioc", "msg": "High-confidence feed: 8548 of 10000 indicators (score>=80 or 2+ sources)"}
{"ts": "2026-07-19T16:52:54Z", "level": "INFO", "name": "swiftioc", "msg": "Dashboard feed: top 1000 rows written"}
{"ts": "2026-07-19T16:52:55Z", "level": "INFO", "name": "swiftioc", "msg": "MISP feed: 8548 attributes in public/misp"}
{"ts": "2026-07-19T16:52:55Z", "level": "INFO", "name": "swiftioc", "msg": "RSS feed: 50 items written"}
{"ts": "2026-07-19T16:52:56Z", "level": "INFO", "name": "swiftioc", "msg": "Wrote 10000 indicators to public/iocs"}
{"ts": "2026-07-19T16:52:56Z", "level": "INFO", "name": "swiftioc", "msg": "Per-source counts: {'cisa_kev': 1647, 'nist_nvd_recent': 0, 'urlhaus_recent_urls': 378, 'malwarebazaar_recent': 657, 'threatfox_export_json': 949, 'feodo_ipblocklist': 5, 'sslbl_ja3': 97, 'openphish_feed': 300, 'spamhaus_drop': 1678, 'blocklist_de_ssh': 4974, 'greensnow_blocklist': 2893, 'ci_army_list': 15000, 'tor_exit_nodes': 1423, 'et_compromised': 578, 'binarydefense_banlist': 2819, 'ipsum_level5': 2279}"}
{"ts": "2026-07-19T20:41:38Z", "level": "DEBUG", "name": "swiftioc", "msg": "HTTP 200 0.12s https://bazaar.abuse.ch/export/csv/recent/ [malwarebazaar_recent]"}
{"ts": "2026-07-19T20:41:38Z", "level": "DEBUG", "name": "swiftioc", "msg": "collect malwarebazaar_recent 600 in 0.20s"}
{"ts": "2026-07-19T20:41:38Z", "level": "DEBUG", "name": "swiftioc", "msg": "summary malwarebazaar_recent types={'url': 0, 'domain': 0, 'ipv4': 0, 'ipv6': 0, 'ipv4_cidr': 0, 'ipv6_cidr': 0, 'md5': 0, 'sha1': 0, 'sha256': 600, 'sha512': 0, 'cve': 0, 'email': 0, 'btc_address': 0, 'ja3': 0, 'ja3s': 0} tags_top=[('malware', 600), ('Mirai', 260), ('Efimer', 32), ('RemusStealer', 18), ('Prometei', 14)]"}
{"ts": "2026-07-19T20:41:38Z", "level": "DEBUG", "name": "swiftioc", "msg": "HTTP 200 0.19s https://feodotracker.abuse.ch/downloads/ipblocklist.csv [feodo_ipblocklist]"}
{"ts": "2026-07-19T20:41:38Z", "level": "DEBUG", "name": "swiftioc", "msg": "HTTP 200 0.19s https://sslbl.abuse.ch/blacklist/ja3_fingerprints.csv [sslbl_ja3]"}
{"ts": "2026-07-19T20:41:38Z", "level": "DEBUG", "name": "swiftioc", "msg": "collect feodo_ipblocklist 5 in 0.20s"}
{"ts": "2026-07-19T20:41:38Z", "level": "DEBUG", "name": "swiftioc", "msg": "summary feodo_ipblocklist types={'url': 0, 'domain': 0, 'ipv4': 5, 'ipv6': 0, 'ipv4_cidr': 0, 'ipv6_cidr': 0, 'md5': 0, 'sha1': 0, 'sha256': 0, 'sha512': 0, 'cve': 0, 'email': 0, 'btc_address': 0, 'ja3': 0, 'ja3s': 0} tags_top=[('feodo', 5), ('c2', 5), ('QakBot', 4), ('Emotet', 1)]"}
{"ts": "2026-07-19T20:41:38Z", "level": "DEBUG", "name": "swiftioc", "msg": "collect sslbl_ja3 97 in 0.21s"}
{"ts": "2026-07-19T20:41:38Z", "level": "DEBUG", "name": "swiftioc", "msg": "summary sslbl_ja3 types={'url': 0, 'domain': 0, 'ipv4': 0, 'ipv6': 0, 'ipv4_cidr': 0, 'ipv6_cidr': 0, 'md5': 0, 'sha1': 0, 'sha256': 0, 'sha512': 0, 'cve': 0, 'email': 0, 'btc_address': 0, 'ja3': 97, 'ja3s': 0} tags_top=[('sslbl', 97), ('tls', 97), ('fingerprint', 97), ('Tofsee', 45), ('Adware', 24)]"}
{"ts": "2026-07-19T20:41:38Z", "level": "DEBUG", "name": "swiftioc", "msg": "HTTP 200 0.16s https://threatfox.abuse.ch/export/json/recent/ [threatfox_export_json]"}
{"ts": "2026-07-19T20:41:39Z", "level": "DEBUG", "name": "swiftioc", "msg": "collect threatfox_export_json 1015 in 0.38s"}
{"ts": "2026-07-19T20:41:39Z", "level": "DEBUG", "name": "swiftioc", "msg": "summary threatfox_export_json types={'url': 259, 'domain': 393, 'ipv4': 246, 'ipv6': 0, 'ipv4_cidr': 0, 'ipv6_cidr': 0, 'md5': 34, 'sha1': 34, 'sha256': 49, 'sha512': 0, 'cve': 0, 'email': 0, 'btc_address': 0, 'ja3': 0, 'ja3s': 0} tags_top=[('threatfox', 1015), ('ClickFix', 334), ('ClearFake', 255), ('JokerStat', 251), ('TDS', 251)]"}
{"ts": "2026-07-19T20:41:39Z", "level": "DEBUG", "name": "swiftioc", "msg": "HTTP 200 0.18s https://www.spamhaus.org/drop/drop.txt [spamhaus_drop]"}
{"ts": "2026-07-19T20:41:39Z", "level": "DEBUG", "name": "swiftioc", "msg": "collect spamhaus_drop 1678 in 0.20s"}
{"ts": "2026-07-19T20:41:39Z", "level": "DEBUG", "name": "swiftioc", "msg": "summary spamhaus_drop types={'url': 0, 'domain': 0, 'ipv4': 0, 'ipv6': 0, 'ipv4_cidr': 1678, 'ipv6_cidr': 0, 'md5': 0, 'sha1': 0, 'sha256': 0, 'sha512': 0, 'cve': 0, 'email': 0, 'btc_address': 0, 'ja3': 0, 'ja3s': 0} tags_top=[('spamhaus', 1678), ('drop', 1678)]"}
{"ts": "2026-07-19T20:41:39Z", "level": "DEBUG", "name": "swiftioc", "msg": "HTTP 200 0.19s https://lists.blocklist.de/lists/ssh.txt [blocklist_de_ssh]"}
{"ts": "2026-07-19T20:41:39Z", "level": "DEBUG", "name": "swiftioc", "msg": "collect blocklist_de_ssh 4971 in 0.25s"}
{"ts": "2026-07-19T20:41:39Z", "level": "DEBUG", "name": "swiftioc", "msg": "summary blocklist_de_ssh types={'url': 0, 'domain': 0, 'ipv4': 4966, 'ipv6': 5, 'ipv4_cidr': 0, 'ipv6_cidr': 0, 'md5': 0, 'sha1': 0, 'sha256': 0, 'sha512': 0, 'cve': 0, 'email': 0, 'btc_address': 0, 'ja3': 0, 'ja3s': 0} tags_top=[('blocklist', 4971), ('bruteforce', 4971), ('ssh', 4971)]"}
{"ts": "2026-07-19T20:41:39Z", "level": "DEBUG", "name": "swiftioc", "msg": "HTTP 200 0.22s https://www.cisa.gov/sites/default/files/feeds/known_exploited_vulnerabilities.json [cisa_kev]"}
{"ts": "2026-07-19T20:41:39Z", "level": "DEBUG", "name": "swiftioc", "msg": "collect cisa_kev 1647 in 0.54s"}
{"ts": "2026-07-19T20:41:39Z", "level": "DEBUG", "name": "swiftioc", "msg": "summary cisa_kev types={'url': 0, 'domain': 0, 'ipv4': 0, 'ipv6': 0, 'ipv4_cidr': 0, 'ipv6_cidr': 0, 'md5': 0, 'sha1': 0, 'sha256': 0, 'sha512': 0, 'cve': 1647, 'email': 0, 'btc_address': 0, 'ja3': 0, 'ja3s': 0} tags_top=[('cve', 1647), ('exploited-in-the-wild', 1647)]"}
{"ts": "2026-07-19T20:41:39Z", "level": "DEBUG", "name": "swiftioc", "msg": "HTTP 200 0.38s https://services.nvd.nist.gov/rest/json/cves/2.0/?resultsPerPage=200&lastModStartDate=2026-07-17T20%3A41%3A38.000&lastModEndDate=2026-07-19T20%3A41%3A38.000 [nist_nvd_recent]"}
{"ts": "2026-07-19T20:41:39Z", "level": "DEBUG", "name": "swiftioc", "msg": "HTTP 200 0.16s https://urlhaus.abuse.ch/downloads/csv_recent/ [urlhaus_recent_urls]"}
{"ts": "2026-07-19T20:41:39Z", "level": "DEBUG", "name": "swiftioc", "msg": "collect nist_nvd_recent 70 in 0.58s"}
{"ts": "2026-07-19T20:41:39Z", "level": "DEBUG", "name": "swiftioc", "msg": "summary nist_nvd_recent types={'url': 0, 'domain': 0, 'ipv4': 0, 'ipv6': 0, 'ipv4_cidr': 0, 'ipv6_cidr': 0, 'md5': 0, 'sha1': 0, 'sha256': 0, 'sha512': 0, 'cve': 70, 'email': 0, 'btc_address': 0, 'ja3': 0, 'ja3s': 0} tags_top=[('cve', 70), ('nvd', 70), ('high', 26), ('medium', 26), ('critical', 5)]"}
{"ts": "2026-07-19T20:41:39Z", "level": "DEBUG", "name": "swiftioc", "msg": "HTTP 200 0.23s https://cinsscore.com/list/ci-badguys.txt [ci_army_list]"}
{"ts": "2026-07-19T20:41:39Z", "level": "DEBUG", "name": "swiftioc", "msg": "HTTP 200 0.34s https://rules.emergingthreats.net/blockrules/compromised-ips.txt [et_compromised]"}
{"ts": "2026-07-19T20:41:39Z", "level": "DEBUG", "name": "swiftioc", "msg": "HTTP 200 0.24s https://raw.githubusercontent.com/stamparm/ipsum/master/levels/5.txt [ipsum_level5]"}
{"ts": "2026-07-19T20:41:39Z", "level": "DEBUG", "name": "swiftioc", "msg": "collect et_compromised 578 in 0.45s"}
{"ts": "2026-07-19T20:41:39Z", "level": "DEBUG", "name": "swiftioc", "msg": "summary et_compromised types={'url': 0, 'domain': 0, 'ipv4': 578, 'ipv6': 0, 'ipv4_cidr': 0, 'ipv6_cidr': 0, 'md5': 0, 'sha1': 0, 'sha256': 0, 'sha512': 0, 'cve': 0, 'email': 0, 'btc_address': 0, 'ja3': 0, 'ja3s': 0} tags_top=[('blocklist', 578), ('compromised', 578), ('emerging-threats', 578)]"}
{"ts": "2026-07-19T20:41:39Z", "level": "DEBUG", "name": "swiftioc", "msg": "HTTP 200 0.60s https://blocklist.greensnow.co/greensnow.txt [greensnow_blocklist]"}
{"ts": "2026-07-19T20:41:39Z", "level": "DEBUG", "name": "swiftioc", "msg": "HTTP 200 0.81s https://raw.githubusercontent.com/openphish/public_feed/refs/heads/main/feed.txt [openphish_feed]"}
{"ts": "2026-07-19T20:41:39Z", "level": "DEBUG", "name": "swiftioc", "msg": "collect ipsum_level5 2279 in 0.47s"}
{"ts": "2026-07-19T20:41:39Z", "level": "DEBUG", "name": "swiftioc", "msg": "collect ci_army_list 15000 in 0.71s"}
{"ts": "2026-07-19T20:41:39Z", "level": "DEBUG", "name": "swiftioc", "msg": "collect openphish_feed 300 in 1.11s"}
{"ts": "2026-07-19T20:41:39Z", "level": "DEBUG", "name": "swiftioc", "msg": "summary ipsum_level5 types={'url': 0, 'domain': 0, 'ipv4': 2279, 'ipv6': 0, 'ipv4_cidr': 0, 'ipv6_cidr': 0, 'md5': 0, 'sha1': 0, 'sha256': 0, 'sha512': 0, 'cve': 0, 'email': 0, 'btc_address': 0, 'ja3': 0, 'ja3s': 0} tags_top=[('aggregated', 2279), ('blocklist', 2279), ('ipsum', 2279), ('multi-list', 2279)]"}
{"ts": "2026-07-19T20:41:40Z", "level": "DEBUG", "name": "swiftioc", "msg": "collect greensnow_blocklist 2827 in 0.97s"}
{"ts": "2026-07-19T20:41:40Z", "level": "DEBUG", "name": "swiftioc", "msg": "summary openphish_feed types={'url': 300, 'domain': 0, 'ipv4': 0, 'ipv6': 0, 'ipv4_cidr': 0, 'ipv6_cidr': 0, 'md5': 0, 'sha1': 0, 'sha256': 0, 'sha512': 0, 'cve': 0, 'email': 0, 'btc_address': 0, 'ja3': 0, 'ja3s': 0} tags_top=[('phishing', 300), ('openphish', 300)]"}
{"ts": "2026-07-19T20:41:40Z", "level": "DEBUG", "name": "swiftioc", "msg": "summary ci_army_list types={'url': 0, 'domain': 0, 'ipv4': 15000, 'ipv6': 0, 'ipv4_cidr': 0, 'ipv6_cidr': 0, 'md5': 0, 'sha1': 0, 'sha256': 0, 'sha512': 0, 'cve': 0, 'email': 0, 'btc_address': 0, 'ja3': 0, 'ja3s': 0} tags_top=[('blocklist', 15000), ('cins', 15000), ('scanner', 15000)]"}
{"ts": "2026-07-19T20:41:40Z", "level": "DEBUG", "name": "swiftioc", "msg": "summary greensnow_blocklist types={'url': 0, 'domain': 0, 'ipv4': 2827, 'ipv6': 0, 'ipv4_cidr': 0, 'ipv6_cidr': 0, 'md5': 0, 'sha1': 0, 'sha256': 0, 'sha512': 0, 'cve': 0, 'email': 0, 'btc_address': 0, 'ja3': 0, 'ja3s': 0} tags_top=[('blocklist', 2827), ('greensnow', 2827)]"}
{"ts": "2026-07-19T20:41:40Z", "level": "DEBUG", "name": "swiftioc", "msg": "HTTP 200 0.51s https://check.torproject.org/exit-addresses [tor_exit_nodes]"}
{"ts": "2026-07-19T20:41:40Z", "level": "DEBUG", "name": "swiftioc", "msg": "HTTP 200 0.97s https://binarydefense.com/banlist.txt [binarydefense_banlist]"}
{"ts": "2026-07-19T20:41:40Z", "level": "DEBUG", "name": "swiftioc", "msg": "collect binarydefense_banlist 2819 in 1.09s"}
{"ts": "2026-07-19T20:41:40Z", "level": "DEBUG", "name": "swiftioc", "msg": "summary binarydefense_banlist types={'url': 0, 'domain': 0, 'ipv4': 2819, 'ipv6': 0, 'ipv4_cidr': 0, 'ipv6_cidr': 0, 'md5': 0, 'sha1': 0, 'sha256': 0, 'sha512': 0, 'cve': 0, 'email': 0, 'btc_address': 0, 'ja3': 0, 'ja3s': 0} tags_top=[('binarydefense', 2819), ('blocklist', 2819), ('scanner', 2819)]"}
{"ts": "2026-07-19T20:41:40Z", "level": "DEBUG", "name": "swiftioc", "msg": "collect urlhaus_recent_urls 367 in 1.76s"}
{"ts": "2026-07-19T20:41:40Z", "level": "DEBUG", "name": "swiftioc", "msg": "summary urlhaus_recent_urls types={'url': 367, 'domain': 0, 'ipv4': 0, 'ipv6': 0, 'ipv4_cidr': 0, 'ipv6_cidr': 0, 'md5': 0, 'sha1': 0, 'sha256': 0, 'sha512': 0, 'cve': 0, 'email': 0, 'btc_address': 0, 'ja3': 0, 'ja3s': 0} tags_top=[('malware', 367), ('2026-07-19 19:32:32', 5), ('2026-07-19 19:31:22', 4), ('2026-07-19 19:31:34', 3), ('2026-07-19 20:12:36', 2)]"}
{"ts": "2026-07-19T20:41:40Z", "level": "DEBUG", "name": "swiftioc", "msg": "collect tor_exit_nodes 1423 in 1.39s"}
{"ts": "2026-07-19T20:41:40Z", "level": "DEBUG", "name": "swiftioc", "msg": "summary tor_exit_nodes types={'url': 0, 'domain': 0, 'ipv4': 1423, 'ipv6': 0, 'ipv4_cidr': 0, 'ipv6_cidr': 0, 'md5': 0, 'sha1': 0, 'sha256': 0, 'sha512': 0, 'cve': 0, 'email': 0, 'btc_address': 0, 'ja3': 0, 'ja3s': 0} tags_top=[('blocklist', 1423), ('exit-node', 1423), ('tor', 1423)]"}
{"ts": "2026-07-19T20:41:41Z", "level": "INFO", "name": "swiftioc", "msg": "Persisted feed: carried forward 1618 indicators from previous run"}
{"ts": "2026-07-19T20:41:44Z", "level": "INFO", "name": "swiftioc", "msg": "Retained top 10000 indicators (pruned 23861 over --max-store)"}
{"ts": "2026-07-19T20:41:45Z", "level": "INFO", "name": "swiftioc", "msg": "High-confidence feed: 8553 of 10000 indicators (score>=80 or 2+ sources)"}
{"ts": "2026-07-19T20:41:45Z", "level": "INFO", "name": "swiftioc", "msg": "Dashboard feed: top 1000 rows written"}
{"ts": "2026-07-19T20:41:45Z", "level": "INFO", "name": "swiftioc", "msg": "MISP feed: 8553 attributes in public/misp"}
{"ts": "2026-07-19T20:41:45Z", "level": "INFO", "name": "swiftioc", "msg": "RSS feed: 50 items written"}
{"ts": "2026-07-19T20:41:46Z", "level": "INFO", "name": "swiftioc", "msg": "Wrote 10000 indicators to public/iocs"}
{"ts": "2026-07-19T20:41:46Z", "level": "INFO", "name": "swiftioc", "msg": "Per-source counts: {'cisa_kev': 1647, 'nist_nvd_recent': 70, 'urlhaus_recent_urls': 367, 'malwarebazaar_recent': 600, 'threatfox_export_json': 1015, 'feodo_ipblocklist': 5, 'sslbl_ja3': 97, 'openphish_feed': 300, 'spamhaus_drop': 1678, 'blocklist_de_ssh': 4971, 'greensnow_blocklist': 2827, 'ci_army_list': 15000, 'tor_exit_nodes': 1423, 'et_compromised': 578, 'binarydefense_banlist': 2819, 'ipsum_level5': 2279}"}
{"ts": "2026-07-20T02:32:09Z", "level": "DEBUG", "name": "swiftioc", "msg": "HTTP 200 0.22s https://sslbl.abuse.ch/blacklist/ja3_fingerprints.csv [sslbl_ja3]"}
{"ts": "2026-07-20T02:32:09Z", "level": "DEBUG", "name": "swiftioc", "msg": "collect sslbl_ja3 97 in 0.23s"}
{"ts": "2026-07-20T02:32:09Z", "level": "DEBUG", "name": "swiftioc", "msg": "summary sslbl_ja3 types={'url': 0, 'domain': 0, 'ipv4': 0, 'ipv6': 0, 'ipv4_cidr': 0, 'ipv6_cidr': 0, 'md5': 0, 'sha1': 0, 'sha256': 0, 'sha512': 0, 'cve': 0, 'email': 0, 'btc_address': 0, 'ja3': 97, 'ja3s': 0} tags_top=[('sslbl', 97), ('tls', 97), ('fingerprint', 97), ('Tofsee', 45), ('Adware', 24)]"}
{"ts": "2026-07-20T02:32:09Z", "level": "DEBUG", "name": "swiftioc", "msg": "HTTP 200 0.20s https://www.cisa.gov/sites/default/files/feeds/known_exploited_vulnerabilities.json [cisa_kev]"}
{"ts": "2026-07-20T02:32:09Z", "level": "DEBUG", "name": "swiftioc", "msg": "collect cisa_kev 1647 in 0.34s"}
{"ts": "2026-07-20T02:32:09Z", "level": "DEBUG", "name": "swiftioc", "msg": "summary cisa_kev types={'url': 0, 'domain': 0, 'ipv4': 0, 'ipv6': 0, 'ipv4_cidr': 0, 'ipv6_cidr': 0, 'md5': 0, 'sha1': 0, 'sha256': 0, 'sha512': 0, 'cve': 1647, 'email': 0, 'btc_address': 0, 'ja3': 0, 'ja3s': 0} tags_top=[('cve', 1647), ('exploited-in-the-wild', 1647)]"}
{"ts": "2026-07-20T02:32:09Z", "level": "DEBUG", "name": "swiftioc", "msg": "HTTP 200 0.34s https://feodotracker.abuse.ch/downloads/ipblocklist.csv [feodo_ipblocklist]"}
{"ts": "2026-07-20T02:32:09Z", "level": "DEBUG", "name": "swiftioc", "msg": "collect feodo_ipblocklist 5 in 0.34s"}
{"ts": "2026-07-20T02:32:09Z", "level": "DEBUG", "name": "swiftioc", "msg": "summary feodo_ipblocklist types={'url': 0, 'domain': 0, 'ipv4': 5, 'ipv6': 0, 'ipv4_cidr': 0, 'ipv6_cidr': 0, 'md5': 0, 'sha1': 0, 'sha256': 0, 'sha512': 0, 'cve': 0, 'email': 0, 'btc_address': 0, 'ja3': 0, 'ja3s': 0} tags_top=[('feodo', 5), ('c2', 5), ('QakBot', 4), ('Emotet', 1)]"}
{"ts": "2026-07-20T02:32:09Z", "level": "DEBUG", "name": "swiftioc", "msg": "HTTP 200 0.33s https://threatfox.abuse.ch/export/json/recent/ [threatfox_export_json]"}
{"ts": "2026-07-20T02:32:09Z", "level": "DEBUG", "name": "swiftioc", "msg": "HTTP 200 0.30s https://bazaar.abuse.ch/export/csv/recent/ [malwarebazaar_recent]"}
{"ts": "2026-07-20T02:32:09Z", "level": "DEBUG", "name": "swiftioc", "msg": "collect malwarebazaar_recent 660 in 0.52s"}
{"ts": "2026-07-20T02:32:09Z", "level": "DEBUG", "name": "swiftioc", "msg": "summary malwarebazaar_recent types={'url': 0, 'domain': 0, 'ipv4': 0, 'ipv6': 0, 'ipv4_cidr': 0, 'ipv6_cidr': 0, 'md5': 0, 'sha1': 0, 'sha256': 660, 'sha512': 0, 'cve': 0, 'email': 0, 'btc_address': 0, 'ja3': 0, 'ja3s': 0} tags_top=[('malware', 660), ('Mirai', 302), ('Efimer', 37), ('RemusStealer', 20), ('Vidar', 11)]"}
{"ts": "2026-07-20T02:32:09Z", "level": "DEBUG", "name": "swiftioc", "msg": "HTTP 200 0.22s https://feeds.dshield.org/block.txt [dshield_block]"}
{"ts": "2026-07-20T02:32:09Z", "level": "DEBUG", "name": "swiftioc", "msg": "collect dshield_block 20 in 0.25s"}
{"ts": "2026-07-20T02:32:09Z", "level": "DEBUG", "name": "swiftioc", "msg": "summary dshield_block types={'url': 0, 'domain': 0, 'ipv4': 0, 'ipv6': 0, 'ipv4_cidr': 20, 'ipv6_cidr': 0, 'md5': 0, 'sha1': 0, 'sha256': 0, 'sha512': 0, 'cve': 0, 'email': 0, 'btc_address': 0, 'ja3': 0, 'ja3s': 0} tags_top=[('dshield', 20), ('scanning', 20), ('sans-isc', 20)]"}
{"ts": "2026-07-20T02:32:09Z", "level": "DEBUG", "name": "swiftioc", "msg": "collect threatfox_export_json 776 in 0.62s"}
{"ts": "2026-07-20T02:32:09Z", "level": "DEBUG", "name": "swiftioc", "msg": "summary threatfox_export_json types={'url': 59, 'domain': 349, 'ipv4': 263, 'ipv6': 0, 'ipv4_cidr': 0, 'ipv6_cidr': 0, 'md5': 30, 'sha1': 30, 'sha256': 45, 'sha512': 0, 'cve': 0, 'email': 0, 'btc_address': 0, 'ja3': 0, 'ja3s': 0} tags_top=[('threatfox', 776), ('ClearFake', 261), ('windows', 109), ('viper', 98), ('ClickFix', 92)]"}
{"ts": "2026-07-20T02:32:09Z", "level": "DEBUG", "name": "swiftioc", "msg": "HTTP 200 0.27s https://services.nvd.nist.gov/rest/json/cves/2.0/?resultsPerPage=200&lastModStartDate=2026-07-18T02%3A32%3A08.000&lastModEndDate=2026-07-20T02%3A32%3A08.000 [nist_nvd_recent]"}
{"ts": "2026-07-20T02:32:09Z", "level": "DEBUG", "name": "swiftioc", "msg": "collect nist_nvd_recent 200 in 0.66s"}
{"ts": "2026-07-20T02:32:09Z", "level": "DEBUG", "name": "swiftioc", "msg": "summary nist_nvd_recent types={'url': 0, 'domain': 0, 'ipv4': 0, 'ipv6': 0, 'ipv4_cidr': 0, 'ipv6_cidr': 0, 'md5': 0, 'sha1': 0, 'sha256': 0, 'sha512': 0, 'cve': 200, 'email': 0, 'btc_address': 0, 'ja3': 0, 'ja3s': 0} tags_top=[('cve', 200), ('nvd', 200), ('high', 87), ('medium', 69), ('critical', 17)]"}
{"ts": "2026-07-20T02:32:09Z", "level": "DEBUG", "name": "swiftioc", "msg": "HTTP 200 0.28s https://lists.blocklist.de/lists/ssh.txt [blocklist_de_ssh]"}
{"ts": "2026-07-20T02:32:09Z", "level": "DEBUG", "name": "swiftioc", "msg": "HTTP 200 0.42s https://www.spamhaus.org/drop/drop.txt [spamhaus_drop]"}
{"ts": "2026-07-20T02:32:09Z", "level": "DEBUG", "name": "swiftioc", "msg": "collect blocklist_de_ssh 4965 in 0.39s"}
{"ts": "2026-07-20T02:32:09Z", "level": "DEBUG", "name": "swiftioc", "msg": "summary blocklist_de_ssh types={'url': 0, 'domain': 0, 'ipv4': 4960, 'ipv6': 5, 'ipv4_cidr': 0, 'ipv6_cidr': 0, 'md5': 0, 'sha1': 0, 'sha256': 0, 'sha512': 0, 'cve': 0, 'email': 0, 'btc_address': 0, 'ja3': 0, 'ja3s': 0} tags_top=[('blocklist', 4965), ('bruteforce', 4965), ('ssh', 4965)]"}
{"ts": "2026-07-20T02:32:09Z", "level": "DEBUG", "name": "swiftioc", "msg": "collect spamhaus_drop 1678 in 0.51s"}
{"ts": "2026-07-20T02:32:09Z", "level": "DEBUG", "name": "swiftioc", "msg": "summary spamhaus_drop types={'url': 0, 'domain': 0, 'ipv4': 0, 'ipv6': 0, 'ipv4_cidr': 1678, 'ipv6_cidr': 0, 'md5': 0, 'sha1': 0, 'sha256': 0, 'sha512': 0, 'cve': 0, 'email': 0, 'btc_address': 0, 'ja3': 0, 'ja3s': 0} tags_top=[('spamhaus', 1678), ('drop', 1678)]"}
{"ts": "2026-07-20T02:32:09Z", "level": "DEBUG", "name": "swiftioc", "msg": "HTTP 200 0.33s https://urlhaus.abuse.ch/downloads/csv_recent/ [urlhaus_recent_urls]"}
{"ts": "2026-07-20T02:32:09Z", "level": "DEBUG", "name": "swiftioc", "msg": "HTTP 200 0.22s https://cinsscore.com/list/ci-badguys.txt [ci_army_list]"}
{"ts": "2026-07-20T02:32:09Z", "level": "DEBUG", "name": "swiftioc", "msg": "HTTP 200 0.17s https://raw.githubusercontent.com/stamparm/ipsum/master/levels/5.txt [ipsum_level5]"}
{"ts": "2026-07-20T02:32:10Z", "level": "DEBUG", "name": "swiftioc", "msg": "HTTP 200 0.38s https://rules.emergingthreats.net/blockrules/compromised-ips.txt [et_compromised]"}
{"ts": "2026-07-20T02:32:10Z", "level": "DEBUG", "name": "swiftioc", "msg": "HTTP 200 0.95s https://raw.githubusercontent.com/openphish/public_feed/refs/heads/main/feed.txt [openphish_feed]"}
{"ts": "2026-07-20T02:32:10Z", "level": "DEBUG", "name": "swiftioc", "msg": "collect openphish_feed 300 in 1.08s"}
{"ts": "2026-07-20T02:32:10Z", "level": "DEBUG", "name": "swiftioc", "msg": "summary openphish_feed types={'url': 300, 'domain': 0, 'ipv4': 0, 'ipv6': 0, 'ipv4_cidr': 0, 'ipv6_cidr': 0, 'md5': 0, 'sha1': 0, 'sha256': 0, 'sha512': 0, 'cve': 0, 'email': 0, 'btc_address': 0, 'ja3': 0, 'ja3s': 0} tags_top=[('phishing', 300), ('openphish', 300)]"}
{"ts": "2026-07-20T02:32:10Z", "level": "DEBUG", "name": "swiftioc", "msg": "collect et_compromised 578 in 0.45s"}
{"ts": "2026-07-20T02:32:10Z", "level": "DEBUG", "name": "swiftioc", "msg": "summary et_compromised types={'url': 0, 'domain': 0, 'ipv4': 578, 'ipv6': 0, 'ipv4_cidr': 0, 'ipv6_cidr': 0, 'md5': 0, 'sha1': 0, 'sha256': 0, 'sha512': 0, 'cve': 0, 'email': 0, 'btc_address': 0, 'ja3': 0, 'ja3s': 0} tags_top=[('blocklist', 578), ('compromised', 578), ('emerging-threats', 578)]"}
{"ts": "2026-07-20T02:32:10Z", "level": "DEBUG", "name": "swiftioc", "msg": "collect ipsum_level5 2071 in 0.47s"}
{"ts": "2026-07-20T02:32:10Z", "level": "DEBUG", "name": "swiftioc", "msg": "summary ipsum_level5 types={'url': 0, 'domain': 0, 'ipv4': 2071, 'ipv6': 0, 'ipv4_cidr': 0, 'ipv6_cidr': 0, 'md5': 0, 'sha1': 0, 'sha256': 0, 'sha512': 0, 'cve': 0, 'email': 0, 'btc_address': 0, 'ja3': 0, 'ja3s': 0} tags_top=[('aggregated', 2071), ('blocklist', 2071), ('ipsum', 2071), ('multi-list', 2071)]"}
{"ts": "2026-07-20T02:32:10Z", "level": "DEBUG", "name": "swiftioc", "msg": "collect ci_army_list 15000 in 0.73s"}
{"ts": "2026-07-20T02:32:10Z", "level": "DEBUG", "name": "swiftioc", "msg": "summary ci_army_list types={'url': 0, 'domain': 0, 'ipv4': 15000, 'ipv6': 0, 'ipv4_cidr': 0, 'ipv6_cidr': 0, 'md5': 0, 'sha1': 0, 'sha256': 0, 'sha512': 0, 'cve': 0, 'email': 0, 'btc_address': 0, 'ja3': 0, 'ja3s': 0} tags_top=[('blocklist', 15000), ('cins', 15000), ('scanner', 15000)]"}
{"ts": "2026-07-20T02:32:10Z", "level": "DEBUG", "name": "swiftioc", "msg": "HTTP 200 0.84s https://blocklist.greensnow.co/greensnow.txt [greensnow_blocklist]"}
{"ts": "2026-07-20T02:32:10Z", "level": "DEBUG", "name": "swiftioc", "msg": "collect greensnow_blocklist 3384 in 1.01s"}
{"ts": "2026-07-20T02:32:10Z", "level": "DEBUG", "name": "swiftioc", "msg": "summary greensnow_blocklist types={'url': 0, 'domain': 0, 'ipv4': 3384, 'ipv6': 0, 'ipv4_cidr': 0, 'ipv6_cidr': 0, 'md5': 0, 'sha1': 0, 'sha256': 0, 'sha512': 0, 'cve': 0, 'email': 0, 'btc_address': 0, 'ja3': 0, 'ja3s': 0} tags_top=[('blocklist', 3384), ('greensnow', 3384)]"}
{"ts": "2026-07-20T02:32:10Z", "level": "DEBUG", "name": "swiftioc", "msg": "HTTP 200 0.94s https://binarydefense.com/banlist.txt [binarydefense_banlist]"}
{"ts": "2026-07-20T02:32:10Z", "level": "DEBUG", "name": "swiftioc", "msg": "collect binarydefense_banlist 3029 in 1.00s"}
{"ts": "2026-07-20T02:32:10Z", "level": "DEBUG", "name": "swiftioc", "msg": "summary binarydefense_banlist types={'url': 0, 'domain': 0, 'ipv4': 3029, 'ipv6': 0, 'ipv4_cidr': 0, 'ipv6_cidr': 0, 'md5': 0, 'sha1': 0, 'sha256': 0, 'sha512': 0, 'cve': 0, 'email': 0, 'btc_address': 0, 'ja3': 0, 'ja3s': 0} tags_top=[('binarydefense', 3029), ('blocklist', 3029), ('scanner', 3029)]"}
{"ts": "2026-07-20T02:32:10Z", "level": "DEBUG", "name": "swiftioc", "msg": "HTTP 200 0.78s https://check.torproject.org/exit-addresses [tor_exit_nodes]"}
{"ts": "2026-07-20T02:32:11Z", "level": "DEBUG", "name": "swiftioc", "msg": "collect tor_exit_nodes 1423 in 1.64s"}
{"ts": "2026-07-20T02:32:11Z", "level": "DEBUG", "name": "swiftioc", "msg": "summary tor_exit_nodes types={'url': 0, 'domain': 0, 'ipv4': 1423, 'ipv6': 0, 'ipv4_cidr': 0, 'ipv6_cidr': 0, 'md5': 0, 'sha1': 0, 'sha256': 0, 'sha512': 0, 'cve': 0, 'email': 0, 'btc_address': 0, 'ja3': 0, 'ja3s': 0} tags_top=[('blocklist', 1423), ('exit-node', 1423), ('tor', 1423)]"}
{"ts": "2026-07-20T02:32:11Z", "level": "DEBUG", "name": "swiftioc", "msg": "collect urlhaus_recent_urls 256 in 2.27s"}
{"ts": "2026-07-20T02:32:11Z", "level": "DEBUG", "name": "swiftioc", "msg": "summary urlhaus_recent_urls types={'url': 256, 'domain': 0, 'ipv4': 0, 'ipv6': 0, 'ipv4_cidr': 0, 'ipv6_cidr': 0, 'md5': 0, 'sha1': 0, 'sha256': 0, 'sha512': 0, 'cve': 0, 'email': 0, 'btc_address': 0, 'ja3': 0, 'ja3s': 0} tags_top=[('malware', 256), ('2026-07-20 01:15:44', 8), ('2026-07-20 01:00:28', 6), ('2026-07-20 01:15:34', 5), ('2026-07-20 01:00:23', 5)]"}
{"ts": "2026-07-20T02:32:12Z", "level": "INFO", "name": "swiftioc", "msg": "Persisted feed: carried forward 2067 indicators from previous run"}
{"ts": "2026-07-20T02:32:16Z", "level": "INFO", "name": "swiftioc", "msg": "Retained top 10000 indicators (pruned 24204 over --max-store)"}
{"ts": "2026-07-20T02:32:17Z", "level": "INFO", "name": "swiftioc", "msg": "High-confidence feed: 8293 of 10000 indicators (score>=80 or 2+ sources)"}
{"ts": "2026-07-20T02:32:17Z", "level": "INFO", "name": "swiftioc", "msg": "Dashboard feed: top 1000 rows written"}
{"ts": "2026-07-20T02:32:18Z", "level": "INFO", "name": "swiftioc", "msg": "MISP feed: 8293 attributes in public/misp"}
{"ts": "2026-07-20T02:32:18Z", "level": "INFO", "name": "swiftioc", "msg": "RSS feed: 50 items written"}
{"ts": "2026-07-20T02:32:18Z", "level": "INFO", "name": "swiftioc", "msg": "Wrote 10000 indicators to public/iocs"}
{"ts": "2026-07-20T02:32:18Z", "level": "INFO", "name": "swiftioc", "msg": "Per-source counts: {'cisa_kev': 1647, 'nist_nvd_recent': 200, 'urlhaus_recent_urls': 256, 'malwarebazaar_recent': 660, 'threatfox_export_json': 776, 'feodo_ipblocklist': 5, 'sslbl_ja3': 97, 'openphish_feed': 300, 'spamhaus_drop': 1678, 'dshield_block': 20, 'blocklist_de_ssh': 4965, 'greensnow_blocklist': 3384, 'ci_army_list': 15000, 'tor_exit_nodes': 1423, 'et_compromised': 578, 'binarydefense_banlist': 3029, 'ipsum_level5': 2071}"}
{"ts": "2026-07-20T06:41:19Z", "level": "DEBUG", "name": "swiftioc", "msg": "HTTP 200 0.09s https://threatfox.abuse.ch/export/json/recent/ [threatfox_export_json]"}
{"ts": "2026-07-20T06:41:19Z", "level": "DEBUG", "name": "swiftioc", "msg": "HTTP 200 0.22s https://sslbl.abuse.ch/blacklist/ja3_fingerprints.csv [sslbl_ja3]"}
{"ts": "2026-07-20T06:41:19Z", "level": "DEBUG", "name": "swiftioc", "msg": "collect sslbl_ja3 97 in 0.25s"}
{"ts": "2026-07-20T06:41:19Z", "level": "DEBUG", "name": "swiftioc", "msg": "summary sslbl_ja3 types={'url': 0, 'domain': 0, 'ipv4': 0, 'ipv6': 0, 'ipv4_cidr': 0, 'ipv6_cidr': 0, 'md5': 0, 'sha1': 0, 'sha256': 0, 'sha512': 0, 'cve': 0, 'email': 0, 'btc_address': 0, 'ja3': 97, 'ja3s': 0} tags_top=[('sslbl', 97), ('tls', 97), ('fingerprint', 97), ('Tofsee', 45), ('Adware', 24)]"}
{"ts": "2026-07-20T06:41:19Z", "level": "DEBUG", "name": "swiftioc", "msg": "HTTP 200 0.27s https://feodotracker.abuse.ch/downloads/ipblocklist.csv [feodo_ipblocklist]"}
{"ts": "2026-07-20T06:41:19Z", "level": "DEBUG", "name": "swiftioc", "msg": "collect feodo_ipblocklist 5 in 0.29s"}
{"ts": "2026-07-20T06:41:19Z", "level": "DEBUG", "name": "swiftioc", "msg": "summary feodo_ipblocklist types={'url': 0, 'domain': 0, 'ipv4': 5, 'ipv6': 0, 'ipv4_cidr': 0, 'ipv6_cidr': 0, 'md5': 0, 'sha1': 0, 'sha256': 0, 'sha512': 0, 'cve': 0, 'email': 0, 'btc_address': 0, 'ja3': 0, 'ja3s': 0} tags_top=[('feodo', 5), ('c2', 5), ('QakBot', 4), ('Emotet', 1)]"}
{"ts": "2026-07-20T06:41:19Z", "level": "DEBUG", "name": "swiftioc", "msg": "collect threatfox_export_json 808 in 0.34s"}
{"ts": "2026-07-20T06:41:19Z", "level": "DEBUG", "name": "swiftioc", "msg": "summary threatfox_export_json types={'url': 73, 'domain': 358, 'ipv4': 272, 'ipv6': 0, 'ipv4_cidr': 0, 'ipv6_cidr': 0, 'md5': 30, 'sha1': 30, 'sha256': 45, 'sha512': 0, 'cve': 0, 'email': 0, 'btc_address': 0, 'ja3': 0, 'ja3s': 0} tags_top=[('threatfox', 808), ('ClearFake', 268), ('ClickFix', 114), ('windows', 109), ('viper', 97)]"}
{"ts": "2026-07-20T06:41:19Z", "level": "DEBUG", "name": "swiftioc", "msg": "HTTP 200 0.11s https://www.cisa.gov/sites/default/files/feeds/known_exploited_vulnerabilities.json [cisa_kev]"}
{"ts": "2026-07-20T06:41:19Z", "level": "DEBUG", "name": "swiftioc", "msg": "collect cisa_kev 1647 in 0.42s"}
{"ts": "2026-07-20T06:41:19Z", "level": "DEBUG", "name": "swiftioc", "msg": "summary cisa_kev types={'url': 0, 'domain': 0, 'ipv4': 0, 'ipv6': 0, 'ipv4_cidr': 0, 'ipv6_cidr': 0, 'md5': 0, 'sha1': 0, 'sha256': 0, 'sha512': 0, 'cve': 1647, 'email': 0, 'btc_address': 0, 'ja3': 0, 'ja3s': 0} tags_top=[('cve', 1647), ('exploited-in-the-wild', 1647)]"}
{"ts": "2026-07-20T06:41:19Z", "level": "DEBUG", "name": "swiftioc", "msg": "HTTP 200 0.34s https://bazaar.abuse.ch/export/csv/recent/ [malwarebazaar_recent]"}
{"ts": "2026-07-20T06:41:19Z", "level": "DEBUG", "name": "swiftioc", "msg": "HTTP 200 0.15s https://www.spamhaus.org/drop/drop.txt [spamhaus_drop]"}
{"ts": "2026-07-20T06:41:19Z", "level": "DEBUG", "name": "swiftioc", "msg": "HTTP 200 0.15s https://feeds.dshield.org/block.txt [dshield_block]"}
{"ts": "2026-07-20T06:41:19Z", "level": "DEBUG", "name": "swiftioc", "msg": "collect malwarebazaar_recent 656 in 0.47s"}
{"ts": "2026-07-20T06:41:19Z", "level": "DEBUG", "name": "swiftioc", "msg": "summary malwarebazaar_recent types={'url': 0, 'domain': 0, 'ipv4': 0, 'ipv6': 0, 'ipv4_cidr': 0, 'ipv6_cidr': 0, 'md5': 0, 'sha1': 0, 'sha256': 656, 'sha512': 0, 'cve': 0, 'email': 0, 'btc_address': 0, 'ja3': 0, 'ja3s': 0} tags_top=[('malware', 656), ('Mirai', 316), ('Efimer', 33), ('RemusStealer', 20), ('Vidar', 11)]"}
{"ts": "2026-07-20T06:41:19Z", "level": "DEBUG", "name": "swiftioc", "msg": "collect dshield_block 20 in 0.17s"}
{"ts": "2026-07-20T06:41:19Z", "level": "DEBUG", "name": "swiftioc", "msg": "summary dshield_block types={'url': 0, 'domain': 0, 'ipv4': 0, 'ipv6': 0, 'ipv4_cidr': 20, 'ipv6_cidr': 0, 'md5': 0, 'sha1': 0, 'sha256': 0, 'sha512': 0, 'cve': 0, 'email': 0, 'btc_address': 0, 'ja3': 0, 'ja3s': 0} tags_top=[('dshield', 20), ('scanning', 20), ('sans-isc', 20)]"}
{"ts": "2026-07-20T06:41:19Z", "level": "DEBUG", "name": "swiftioc", "msg": "collect spamhaus_drop 1678 in 0.23s"}
{"ts": "2026-07-20T06:41:19Z", "level": "DEBUG", "name": "swiftioc", "msg": "summary spamhaus_drop types={'url': 0, 'domain': 0, 'ipv4': 0, 'ipv6': 0, 'ipv4_cidr': 1678, 'ipv6_cidr': 0, 'md5': 0, 'sha1': 0, 'sha256': 0, 'sha512': 0, 'cve': 0, 'email': 0, 'btc_address': 0, 'ja3': 0, 'ja3s': 0} tags_top=[('spamhaus', 1678), ('drop', 1678)]"}
{"ts": "2026-07-20T06:41:19Z", "level": "DEBUG", "name": "swiftioc", "msg": "HTTP 200 0.17s https://lists.blocklist.de/lists/ssh.txt [blocklist_de_ssh]"}
{"ts": "2026-07-20T06:41:19Z", "level": "DEBUG", "name": "swiftioc", "msg": "collect blocklist_de_ssh 4984 in 0.22s"}
{"ts": "2026-07-20T06:41:19Z", "level": "DEBUG", "name": "swiftioc", "msg": "summary blocklist_de_ssh types={'url': 0, 'domain': 0, 'ipv4': 4979, 'ipv6': 5, 'ipv4_cidr': 0, 'ipv6_cidr': 0, 'md5': 0, 'sha1': 0, 'sha256': 0, 'sha512': 0, 'cve': 0, 'email': 0, 'btc_address': 0, 'ja3': 0, 'ja3s': 0} tags_top=[('blocklist', 4984), ('bruteforce', 4984), ('ssh', 4984)]"}
{"ts": "2026-07-20T06:41:19Z", "level": "DEBUG", "name": "swiftioc", "msg": "HTTP 200 0.18s https://urlhaus.abuse.ch/downloads/csv_recent/ [urlhaus_recent_urls]"}
{"ts": "2026-07-20T06:41:20Z", "level": "DEBUG", "name": "swiftioc", "msg": "HTTP 200 0.89s https://raw.githubusercontent.com/openphish/public_feed/refs/heads/main/feed.txt [openphish_feed]"}
{"ts": "2026-07-20T06:41:20Z", "level": "DEBUG", "name": "swiftioc", "msg": "HTTP 200 0.43s https://rules.emergingthreats.net/blockrules/compromised-ips.txt [et_compromised]"}
{"ts": "2026-07-20T06:41:20Z", "level": "DEBUG", "name": "swiftioc", "msg": "HTTP 200 0.28s https://cinsscore.com/list/ci-badguys.txt [ci_army_list]"}
{"ts": "2026-07-20T06:41:20Z", "level": "DEBUG", "name": "swiftioc", "msg": "collect openphish_feed 300 in 0.97s"}
{"ts": "2026-07-20T06:41:20Z", "level": "DEBUG", "name": "swiftioc", "msg": "summary openphish_feed types={'url': 300, 'domain': 0, 'ipv4': 0, 'ipv6': 0, 'ipv4_cidr': 0, 'ipv6_cidr': 0, 'md5': 0, 'sha1': 0, 'sha256': 0, 'sha512': 0, 'cve': 0, 'email': 0, 'btc_address': 0, 'ja3': 0, 'ja3s': 0} tags_top=[('phishing', 300), ('openphish', 300)]"}
{"ts": "2026-07-20T06:41:20Z", "level": "DEBUG", "name": "swiftioc", "msg": "collect et_compromised 578 in 0.50s"}
{"ts": "2026-07-20T06:41:20Z", "level": "DEBUG", "name": "swiftioc", "msg": "summary et_compromised types={'url': 0, 'domain': 0, 'ipv4': 578, 'ipv6': 0, 'ipv4_cidr': 0, 'ipv6_cidr': 0, 'md5': 0, 'sha1': 0, 'sha256': 0, 'sha512': 0, 'cve': 0, 'email': 0, 'btc_address': 0, 'ja3': 0, 'ja3s': 0} tags_top=[('blocklist', 578), ('compromised', 578), ('emerging-threats', 578)]"}
{"ts": "2026-07-20T06:41:20Z", "level": "DEBUG", "name": "swiftioc", "msg": "HTTP 200 0.09s https://raw.githubusercontent.com/stamparm/ipsum/master/levels/5.txt [ipsum_level5]"}
{"ts": "2026-07-20T06:41:20Z", "level": "DEBUG", "name": "swiftioc", "msg": "collect ipsum_level5 2071 in 0.33s"}
{"ts": "2026-07-20T06:41:20Z", "level": "DEBUG", "name": "swiftioc", "msg": "summary ipsum_level5 types={'url': 0, 'domain': 0, 'ipv4': 2071, 'ipv6': 0, 'ipv4_cidr': 0, 'ipv6_cidr': 0, 'md5': 0, 'sha1': 0, 'sha256': 0, 'sha512': 0, 'cve': 0, 'email': 0, 'btc_address': 0, 'ja3': 0, 'ja3s': 0} tags_top=[('aggregated', 2071), ('blocklist', 2071), ('ipsum', 2071), ('multi-list', 2071)]"}
{"ts": "2026-07-20T06:41:20Z", "level": "DEBUG", "name": "swiftioc", "msg": "collect ci_army_list 15000 in 0.89s"}
{"ts": "2026-07-20T06:41:20Z", "level": "DEBUG", "name": "swiftioc", "msg": "HTTP 200 0.78s https://blocklist.greensnow.co/greensnow.txt [greensnow_blocklist]"}
{"ts": "2026-07-20T06:41:20Z", "level": "DEBUG", "name": "swiftioc", "msg": "summary ci_army_list types={'url': 0, 'domain': 0, 'ipv4': 15000, 'ipv6': 0, 'ipv4_cidr': 0, 'ipv6_cidr': 0, 'md5': 0, 'sha1': 0, 'sha256': 0, 'sha512': 0, 'cve': 0, 'email': 0, 'btc_address': 0, 'ja3': 0, 'ja3s': 0} tags_top=[('blocklist', 15000), ('cins', 15000), ('scanner', 15000)]"}
{"ts": "2026-07-20T06:41:20Z", "level": "DEBUG", "name": "swiftioc", "msg": "HTTP 200 0.85s https://binarydefense.com/banlist.txt [binarydefense_banlist]"}
{"ts": "2026-07-20T06:41:20Z", "level": "DEBUG", "name": "swiftioc", "msg": "collect greensnow_blocklist 3404 in 1.06s"}
{"ts": "2026-07-20T06:41:20Z", "level": "DEBUG", "name": "swiftioc", "msg": "summary greensnow_blocklist types={'url': 0, 'domain': 0, 'ipv4': 3404, 'ipv6': 0, 'ipv4_cidr': 0, 'ipv6_cidr': 0, 'md5': 0, 'sha1': 0, 'sha256': 0, 'sha512': 0, 'cve': 0, 'email': 0, 'btc_address': 0, 'ja3': 0, 'ja3s': 0} tags_top=[('blocklist', 3404), ('greensnow', 3404)]"}
{"ts": "2026-07-20T06:41:20Z", "level": "DEBUG", "name": "swiftioc", "msg": "collect binarydefense_banlist 3029 in 1.00s"}
{"ts": "2026-07-20T06:41:20Z", "level": "DEBUG", "name": "swiftioc", "msg": "summary binarydefense_banlist types={'url': 0, 'domain': 0, 'ipv4': 3029, 'ipv6': 0, 'ipv4_cidr': 0, 'ipv6_cidr': 0, 'md5': 0, 'sha1': 0, 'sha256': 0, 'sha512': 0, 'cve': 0, 'email': 0, 'btc_address': 0, 'ja3': 0, 'ja3s': 0} tags_top=[('binarydefense', 3029), ('blocklist', 3029), ('scanner', 3029)]"}
{"ts": "2026-07-20T06:41:21Z", "level": "DEBUG", "name": "swiftioc", "msg": "HTTP 200 0.66s https://check.torproject.org/exit-addresses [tor_exit_nodes]"}
{"ts": "2026-07-20T06:41:21Z", "level": "DEBUG", "name": "swiftioc", "msg": "collect tor_exit_nodes 1423 in 1.54s"}
{"ts": "2026-07-20T06:41:21Z", "level": "DEBUG", "name": "swiftioc", "msg": "summary tor_exit_nodes types={'url': 0, 'domain': 0, 'ipv4': 1423, 'ipv6': 0, 'ipv4_cidr': 0, 'ipv6_cidr': 0, 'md5': 0, 'sha1': 0, 'sha256': 0, 'sha512': 0, 'cve': 0, 'email': 0, 'btc_address': 0, 'ja3': 0, 'ja3s': 0} tags_top=[('blocklist', 1423), ('exit-node', 1423), ('tor', 1423)]"}
{"ts": "2026-07-20T06:41:21Z", "level": "DEBUG", "name": "swiftioc", "msg": "collect urlhaus_recent_urls 280 in 2.14s"}
{"ts": "2026-07-20T06:41:21Z", "level": "DEBUG", "name": "swiftioc", "msg": "summary urlhaus_recent_urls types={'url': 280, 'domain': 0, 'ipv4': 0, 'ipv6': 0, 'ipv4_cidr': 0, 'ipv6_cidr': 0, 'md5': 0, 'sha1': 0, 'sha256': 0, 'sha512': 0, 'cve': 0, 'email': 0, 'btc_address': 0, 'ja3': 0, 'ja3s': 0} tags_top=[('malware', 280), ('2026-07-20 05:21:29', 4), ('2026-07-20 01:00:23', 4), ('2026-07-20 06:10:57', 3), ('2026-07-20 01:15:44', 3)]"}
{"ts": "2026-07-20T06:41:47Z", "level": "DEBUG", "name": "swiftioc", "msg": "HTTP 200 0.72s https://services.nvd.nist.gov/rest/json/cves/2.0/?resultsPerPage=200&lastModStartDate=2026-07-18T06%3A41%3A19.000&lastModEndDate=2026-07-20T06%3A41%3A19.000 [nist_nvd_recent]"}
{"ts": "2026-07-20T06:41:47Z", "level": "DEBUG", "name": "swiftioc", "msg": "collect nist_nvd_recent 200 in 28.26s"}
{"ts": "2026-07-20T06:41:47Z", "level": "DEBUG", "name": "swiftioc", "msg": "summary nist_nvd_recent types={'url': 0, 'domain': 0, 'ipv4': 0, 'ipv6': 0, 'ipv4_cidr': 0, 'ipv6_cidr': 0, 'md5': 0, 'sha1': 0, 'sha256': 0, 'sha512': 0, 'cve': 200, 'email': 0, 'btc_address': 0, 'ja3': 0, 'ja3s': 0} tags_top=[('cve', 200), ('nvd', 200), ('medium', 76), ('high', 74), ('critical', 10)]"}
{"ts": "2026-07-20T06:41:49Z", "level": "INFO", "name": "swiftioc", "msg": "Persisted feed: carried forward 2020 indicators from previous run"}
{"ts": "2026-07-20T06:41:52Z", "level": "INFO", "name": "swiftioc", "msg": "Retained top 10000 indicators (pruned 24408 over --max-store)"}
{"ts": "2026-07-20T06:41:54Z", "level": "INFO", "name": "swiftioc", "msg": "High-confidence feed: 8298 of 10000 indicators (score>=80 or 2+ sources)"}
{"ts": "2026-07-20T06:41:54Z", "level": "INFO", "name": "swiftioc", "msg": "Dashboard feed: top 1000 rows written"}
{"ts": "2026-07-20T06:41:54Z", "level": "INFO", "name": "swiftioc", "msg": "MISP feed: 8298 attributes in public/misp"}
{"ts": "2026-07-20T06:41:54Z", "level": "INFO", "name": "swiftioc", "msg": "RSS feed: 50 items written"}
{"ts": "2026-07-20T06:41:55Z", "level": "INFO", "name": "swiftioc", "msg": "Wrote 10000 indicators to public/iocs"}
{"ts": "2026-07-20T06:41:55Z", "level": "INFO", "name": "swiftioc", "msg": "Per-source counts: {'cisa_kev': 1647, 'nist_nvd_recent': 200, 'urlhaus_recent_urls': 280, 'malwarebazaar_recent': 656, 'threatfox_export_json': 808, 'feodo_ipblocklist': 5, 'sslbl_ja3': 97, 'openphish_feed': 300, 'spamhaus_drop': 1678, 'dshield_block': 20, 'blocklist_de_ssh': 4984, 'greensnow_blocklist': 3404, 'ci_army_list': 15000, 'tor_exit_nodes': 1423, 'et_compromised': 578, 'binarydefense_banlist': 3029, 'ipsum_level5': 2071}"}
{"ts": "2026-07-20T10:46:28Z", "level": "DEBUG", "name": "swiftioc", "msg": "HTTP 200 0.09s https://www.cisa.gov/sites/default/files/feeds/known_exploited_vulnerabilities.json [cisa_kev]"}
{"ts": "2026-07-20T10:46:28Z", "level": "DEBUG", "name": "swiftioc", "msg": "collect cisa_kev 1647 in 0.22s"}
{"ts": "2026-07-20T10:46:28Z", "level": "DEBUG", "name": "swiftioc", "msg": "summary cisa_kev types={'url': 0, 'domain': 0, 'ipv4': 0, 'ipv6': 0, 'ipv4_cidr': 0, 'ipv6_cidr': 0, 'md5': 0, 'sha1': 0, 'sha256': 0, 'sha512': 0, 'cve': 1647, 'email': 0, 'btc_address': 0, 'ja3': 0, 'ja3s': 0} tags_top=[('cve', 1647), ('exploited-in-the-wild', 1647)]"}
{"ts": "2026-07-20T10:46:28Z", "level": "DEBUG", "name": "swiftioc", "msg": "HTTP 200 0.13s https://bazaar.abuse.ch/export/csv/recent/ [malwarebazaar_recent]"}
{"ts": "2026-07-20T10:46:28Z", "level": "DEBUG", "name": "swiftioc", "msg": "collect malwarebazaar_recent 726 in 0.27s"}
{"ts": "2026-07-20T10:46:28Z", "level": "DEBUG", "name": "swiftioc", "msg": "summary malwarebazaar_recent types={'url': 0, 'domain': 0, 'ipv4': 0, 'ipv6': 0, 'ipv4_cidr': 0, 'ipv6_cidr': 0, 'md5': 0, 'sha1': 0, 'sha256': 726, 'sha512': 0, 'cve': 0, 'email': 0, 'btc_address': 0, 'ja3': 0, 'ja3s': 0} tags_top=[('malware', 726), ('Mirai', 311), ('Efimer', 38), ('RemusStealer', 20), ('AgentTesla', 17)]"}
{"ts": "2026-07-20T10:46:28Z", "level": "DEBUG", "name": "swiftioc", "msg": "HTTP 200 0.25s https://sslbl.abuse.ch/blacklist/ja3_fingerprints.csv [sslbl_ja3]"}
{"ts": "2026-07-20T10:46:28Z", "level": "DEBUG", "name": "swiftioc", "msg": "collect sslbl_ja3 97 in 0.27s"}
{"ts": "2026-07-20T10:46:28Z", "level": "DEBUG", "name": "swiftioc", "msg": "summary sslbl_ja3 types={'url': 0, 'domain': 0, 'ipv4': 0, 'ipv6': 0, 'ipv4_cidr': 0, 'ipv6_cidr': 0, 'md5': 0, 'sha1': 0, 'sha256': 0, 'sha512': 0, 'cve': 0, 'email': 0, 'btc_address': 0, 'ja3': 97, 'ja3s': 0} tags_top=[('sslbl', 97), ('tls', 97), ('fingerprint', 97), ('Tofsee', 45), ('Adware', 24)]"}
{"ts": "2026-07-20T10:46:28Z", "level": "DEBUG", "name": "swiftioc", "msg": "HTTP 200 0.17s https://urlhaus.abuse.ch/downloads/csv_recent/ [urlhaus_recent_urls]"}
{"ts": "2026-07-20T10:46:28Z", "level": "DEBUG", "name": "swiftioc", "msg": "HTTP 200 0.34s https://feodotracker.abuse.ch/downloads/ipblocklist.csv [feodo_ipblocklist]"}
{"ts": "2026-07-20T10:46:28Z", "level": "DEBUG", "name": "swiftioc", "msg": "HTTP 200 0.11s https://www.spamhaus.org/drop/drop.txt [spamhaus_drop]"}
{"ts": "2026-07-20T10:46:28Z", "level": "DEBUG", "name": "swiftioc", "msg": "collect feodo_ipblocklist 5 in 0.37s"}
{"ts": "2026-07-20T10:46:28Z", "level": "DEBUG", "name": "swiftioc", "msg": "summary feodo_ipblocklist types={'url': 0, 'domain': 0, 'ipv4': 5, 'ipv6': 0, 'ipv4_cidr': 0, 'ipv6_cidr': 0, 'md5': 0, 'sha1': 0, 'sha256': 0, 'sha512': 0, 'cve': 0, 'email': 0, 'btc_address': 0, 'ja3': 0, 'ja3s': 0} tags_top=[('feodo', 5), ('c2', 5), ('QakBot', 4), ('Emotet', 1)]"}
{"ts": "2026-07-20T10:46:29Z", "level": "DEBUG", "name": "swiftioc", "msg": "collect spamhaus_drop 1667 in 0.22s"}
{"ts": "2026-07-20T10:46:29Z", "level": "DEBUG", "name": "swiftioc", "msg": "summary spamhaus_drop types={'url': 0, 'domain': 0, 'ipv4': 0, 'ipv6': 0, 'ipv4_cidr': 1667, 'ipv6_cidr': 0, 'md5': 0, 'sha1': 0, 'sha256': 0, 'sha512': 0, 'cve': 0, 'email': 0, 'btc_address': 0, 'ja3': 0, 'ja3s': 0} tags_top=[('spamhaus', 1667), ('drop', 1667)]"}
{"ts": "2026-07-20T10:46:29Z", "level": "DEBUG", "name": "swiftioc", "msg": "HTTP 200 0.35s https://threatfox.abuse.ch/export/json/recent/ [threatfox_export_json]"}
{"ts": "2026-07-20T10:46:29Z", "level": "DEBUG", "name": "swiftioc", "msg": "HTTP 200 0.31s https://feeds.dshield.org/block.txt [dshield_block]"}
{"ts": "2026-07-20T10:46:29Z", "level": "DEBUG", "name": "swiftioc", "msg": "collect dshield_block 20 in 0.42s"}
{"ts": "2026-07-20T10:46:29Z", "level": "DEBUG", "name": "swiftioc", "msg": "summary dshield_block types={'url': 0, 'domain': 0, 'ipv4': 0, 'ipv6': 0, 'ipv4_cidr': 20, 'ipv6_cidr': 0, 'md5': 0, 'sha1': 0, 'sha256': 0, 'sha512': 0, 'cve': 0, 'email': 0, 'btc_address': 0, 'ja3': 0, 'ja3s': 0} tags_top=[('dshield', 20), ('scanning', 20), ('sans-isc', 20)]"}
{"ts": "2026-07-20T10:46:29Z", "level": "DEBUG", "name": "swiftioc", "msg": "HTTP 200 0.33s https://lists.blocklist.de/lists/ssh.txt [blocklist_de_ssh]"}
{"ts": "2026-07-20T10:46:29Z", "level": "DEBUG", "name": "swiftioc", "msg": "collect threatfox_export_json 904 in 0.99s"}
{"ts": "2026-07-20T10:46:29Z", "level": "DEBUG", "name": "swiftioc", "msg": "summary threatfox_export_json types={'url': 114, 'domain': 387, 'ipv4': 298, 'ipv6': 0, 'ipv4_cidr': 0, 'ipv6_cidr': 0, 'md5': 30, 'sha1': 30, 'sha256': 45, 'sha512': 0, 'cve': 0, 'email': 0, 'btc_address': 0, 'ja3': 0, 'ja3s': 0} tags_top=[('threatfox', 904), ('ClearFake', 288), ('ClickFix', 119), ('Vidar', 111), ('windows', 108)]"}
{"ts": "2026-07-20T10:46:29Z", "level": "DEBUG", "name": "swiftioc", "msg": "collect blocklist_de_ssh 5224 in 0.78s"}
{"ts": "2026-07-20T10:46:29Z", "level": "DEBUG", "name": "swiftioc", "msg": "HTTP 200 1.01s https://raw.githubusercontent.com/openphish/public_feed/refs/heads/main/feed.txt [openphish_feed]"}
{"ts": "2026-07-20T10:46:29Z", "level": "DEBUG", "name": "swiftioc", "msg": "summary blocklist_de_ssh types={'url': 0, 'domain': 0, 'ipv4': 5219, 'ipv6': 5, 'ipv4_cidr': 0, 'ipv6_cidr': 0, 'md5': 0, 'sha1': 0, 'sha256': 0, 'sha512': 0, 'cve': 0, 'email': 0, 'btc_address': 0, 'ja3': 0, 'ja3s': 0} tags_top=[('blocklist', 5224), ('bruteforce', 5224), ('ssh', 5224)]"}
{"ts": "2026-07-20T10:46:29Z", "level": "DEBUG", "name": "swiftioc", "msg": "collect openphish_feed 300 in 1.09s"}
{"ts": "2026-07-20T10:46:29Z", "level": "DEBUG", "name": "swiftioc", "msg": "summary openphish_feed types={'url': 300, 'domain': 0, 'ipv4': 0, 'ipv6': 0, 'ipv4_cidr': 0, 'ipv6_cidr': 0, 'md5': 0, 'sha1': 0, 'sha256': 0, 'sha512': 0, 'cve': 0, 'email': 0, 'btc_address': 0, 'ja3': 0, 'ja3s': 0} tags_top=[('phishing', 300), ('openphish', 300)]"}
{"ts": "2026-07-20T10:46:29Z", "level": "DEBUG", "name": "swiftioc", "msg": "HTTP 200 0.54s https://cinsscore.com/list/ci-badguys.txt [ci_army_list]"}
{"ts": "2026-07-20T10:46:29Z", "level": "DEBUG", "name": "swiftioc", "msg": "HTTP 200 0.13s https://raw.githubusercontent.com/stamparm/ipsum/master/levels/5.txt [ipsum_level5]"}
{"ts": "2026-07-20T10:46:29Z", "level": "DEBUG", "name": "swiftioc", "msg": "collect ipsum_level5 2071 in 0.26s"}
{"ts": "2026-07-20T10:46:29Z", "level": "DEBUG", "name": "swiftioc", "msg": "summary ipsum_level5 types={'url': 0, 'domain': 0, 'ipv4': 2071, 'ipv6': 0, 'ipv4_cidr': 0, 'ipv6_cidr': 0, 'md5': 0, 'sha1': 0, 'sha256': 0, 'sha512': 0, 'cve': 0, 'email': 0, 'btc_address': 0, 'ja3': 0, 'ja3s': 0} tags_top=[('aggregated', 2071), ('blocklist', 2071), ('ipsum', 2071), ('multi-list', 2071)]"}
{"ts": "2026-07-20T10:46:30Z", "level": "DEBUG", "name": "swiftioc", "msg": "HTTP 200 0.43s https://rules.emergingthreats.net/blockrules/compromised-ips.txt [et_compromised]"}
{"ts": "2026-07-20T10:46:30Z", "level": "DEBUG", "name": "swiftioc", "msg": "HTTP 200 0.95s https://blocklist.greensnow.co/greensnow.txt [greensnow_blocklist]"}
{"ts": "2026-07-20T10:46:30Z", "level": "DEBUG", "name": "swiftioc", "msg": "collect et_compromised 578 in 0.52s"}
{"ts": "2026-07-20T10:46:30Z", "level": "DEBUG", "name": "swiftioc", "msg": "summary et_compromised types={'url': 0, 'domain': 0, 'ipv4': 578, 'ipv6': 0, 'ipv4_cidr': 0, 'ipv6_cidr': 0, 'md5': 0, 'sha1': 0, 'sha256': 0, 'sha512': 0, 'cve': 0, 'email': 0, 'btc_address': 0, 'ja3': 0, 'ja3s': 0} tags_top=[('blocklist', 578), ('compromised', 578), ('emerging-threats', 578)]"}
{"ts": "2026-07-20T10:46:30Z", "level": "DEBUG", "name": "swiftioc", "msg": "collect greensnow_blocklist 2301 in 1.19s"}
{"ts": "2026-07-20T10:46:30Z", "level": "DEBUG", "name": "swiftioc", "msg": "collect ci_army_list 15000 in 1.14s"}
{"ts": "2026-07-20T10:46:30Z", "level": "DEBUG", "name": "swiftioc", "msg": "summary ci_army_list types={'url': 0, 'domain': 0, 'ipv4': 15000, 'ipv6': 0, 'ipv4_cidr': 0, 'ipv6_cidr': 0, 'md5': 0, 'sha1': 0, 'sha256': 0, 'sha512': 0, 'cve': 0, 'email': 0, 'btc_address': 0, 'ja3': 0, 'ja3s': 0} tags_top=[('blocklist', 15000), ('cins', 15000), ('scanner', 15000)]"}
{"ts": "2026-07-20T10:46:30Z", "level": "DEBUG", "name": "swiftioc", "msg": "summary greensnow_blocklist types={'url': 0, 'domain': 0, 'ipv4': 2301, 'ipv6': 0, 'ipv4_cidr': 0, 'ipv6_cidr': 0, 'md5': 0, 'sha1': 0, 'sha256': 0, 'sha512': 0, 'cve': 0, 'email': 0, 'btc_address': 0, 'ja3': 0, 'ja3s': 0} tags_top=[('blocklist', 2301), ('greensnow', 2301)]"}
{"ts": "2026-07-20T10:46:30Z", "level": "DEBUG", "name": "swiftioc", "msg": "collect urlhaus_recent_urls 289 in 1.87s"}
{"ts": "2026-07-20T10:46:30Z", "level": "DEBUG", "name": "swiftioc", "msg": "summary urlhaus_recent_urls types={'url': 289, 'domain': 0, 'ipv4': 0, 'ipv6': 0, 'ipv4_cidr': 0, 'ipv6_cidr': 0, 'md5': 0, 'sha1': 0, 'sha256': 0, 'sha512': 0, 'cve': 0, 'email': 0, 'btc_address': 0, 'ja3': 0, 'ja3s': 0} tags_top=[('malware', 289), ('2026-07-20 08:31:31', 3), ('2026-07-20 06:10:57', 3), ('2026-07-20 08:46:19', 2), ('2026-07-20 06:28:25', 2)]"}
{"ts": "2026-07-20T10:46:30Z", "level": "DEBUG", "name": "swiftioc", "msg": "HTTP 200 0.91s https://binarydefense.com/banlist.txt [binarydefense_banlist]"}
{"ts": "2026-07-20T10:46:30Z", "level": "DEBUG", "name": "swiftioc", "msg": "collect binarydefense_banlist 3029 in 0.95s"}
{"ts": "2026-07-20T10:46:30Z", "level": "DEBUG", "name": "swiftioc", "msg": "summary binarydefense_banlist types={'url': 0, 'domain': 0, 'ipv4': 3029, 'ipv6': 0, 'ipv4_cidr': 0, 'ipv6_cidr': 0, 'md5': 0, 'sha1': 0, 'sha256': 0, 'sha512': 0, 'cve': 0, 'email': 0, 'btc_address': 0, 'ja3': 0, 'ja3s': 0} tags_top=[('binarydefense', 3029), ('blocklist', 3029), ('scanner', 3029)]"}
{"ts": "2026-07-20T10:46:30Z", "level": "DEBUG", "name": "swiftioc", "msg": "HTTP 200 0.94s https://check.torproject.org/exit-addresses [tor_exit_nodes]"}
{"ts": "2026-07-20T10:46:30Z", "level": "DEBUG", "name": "swiftioc", "msg": "collect tor_exit_nodes 1421 in 1.62s"}
{"ts": "2026-07-20T10:46:30Z", "level": "DEBUG", "name": "swiftioc", "msg": "summary tor_exit_nodes types={'url': 0, 'domain': 0, 'ipv4': 1421, 'ipv6': 0, 'ipv4_cidr': 0, 'ipv6_cidr': 0, 'md5': 0, 'sha1': 0, 'sha256': 0, 'sha512': 0, 'cve': 0, 'email': 0, 'btc_address': 0, 'ja3': 0, 'ja3s': 0} tags_top=[('blocklist', 1421), ('exit-node', 1421), ('tor', 1421)]"}
{"ts": "2026-07-20T10:46:58Z", "level": "DEBUG", "name": "swiftioc", "msg": "HTTP 200 0.71s https://services.nvd.nist.gov/rest/json/cves/2.0/?resultsPerPage=200&lastModStartDate=2026-07-18T10%3A46%3A28.000&lastModEndDate=2026-07-20T10%3A46%3A28.000 [nist_nvd_recent]"}
{"ts": "2026-07-20T10:46:58Z", "level": "DEBUG", "name": "swiftioc", "msg": "collect nist_nvd_recent 200 in 29.94s"}
{"ts": "2026-07-20T10:46:58Z", "level": "DEBUG", "name": "swiftioc", "msg": "summary nist_nvd_recent types={'url': 0, 'domain': 0, 'ipv4': 0, 'ipv6': 0, 'ipv4_cidr': 0, 'ipv6_cidr': 0, 'md5': 0, 'sha1': 0, 'sha256': 0, 'sha512': 0, 'cve': 200, 'email': 0, 'btc_address': 0, 'ja3': 0, 'ja3s': 0} tags_top=[('cve', 200), ('nvd', 200), ('medium', 73), ('high', 61), ('low', 10)]"}
{"ts": "2026-07-20T10:47:00Z", "level": "INFO", "name": "swiftioc", "msg": "Persisted feed: carried forward 2179 indicators from previous run"}
{"ts": "2026-07-20T10:47:03Z", "level": "INFO", "name": "swiftioc", "msg": "Retained top 10000 indicators (pruned 24396 over --max-store)"}
{"ts": "2026-07-20T10:47:04Z", "level": "INFO", "name": "swiftioc", "msg": "High-confidence feed: 8254 of 10000 indicators (score>=80 or 2+ sources)"}
{"ts": "2026-07-20T10:47:04Z", "level": "INFO", "name": "swiftioc", "msg": "Dashboard feed: top 1000 rows written"}
{"ts": "2026-07-20T10:47:05Z", "level": "INFO", "name": "swiftioc", "msg": "MISP feed: 8254 attributes in public/misp"}
{"ts": "2026-07-20T10:47:05Z", "level": "INFO", "name": "swiftioc", "msg": "RSS feed: 50 items written"}
{"ts": "2026-07-20T10:47:06Z", "level": "INFO", "name": "swiftioc", "msg": "Wrote 10000 indicators to public/iocs"}
{"ts": "2026-07-20T10:47:06Z", "level": "INFO", "name": "swiftioc", "msg": "Per-source counts: {'cisa_kev': 1647, 'nist_nvd_recent': 200, 'urlhaus_recent_urls': 289, 'malwarebazaar_recent': 726, 'threatfox_export_json': 904, 'feodo_ipblocklist': 5, 'sslbl_ja3': 97, 'openphish_feed': 300, 'spamhaus_drop': 1667, 'dshield_block': 20, 'blocklist_de_ssh': 5224, 'greensnow_blocklist': 2301, 'ci_army_list': 15000, 'tor_exit_nodes': 1421, 'et_compromised': 578, 'binarydefense_banlist': 3029, 'ipsum_level5': 2071}"}
